TIME_UTC_SECONDS,TIME_UTC_STR,AIR_TEMP,TRACK_TEMP,HUMIDITY,PRESSURE,WIND_SPEED,WIND_DIRECTION,RAIN,LOCATION,EVENT
1618042506,2021-10-04 08:15:00,15.0,18.4,60,1018.05,2.12187,165,-1.0,Location 2,Free Practice 2
1618042567,2021-10-04 08:16:00,15.0556,18.4,60,1018.12,1.06093,177,-1.0,Location 2,Free Practice 2
1618042632,2021-10-04 08:17:00,15.0556,18.5,60,1018.12,2.12187,157,-1.0,Location 2,Free Practice 2
1618042697,2021-10-04 08:18:00,15.0556,18.5,60,1018.08,2.12187,163,-1.0,Location 2,Free Practice 2
1618042762,2021-10-04 08:19:00,15.1111,18.5,60,1018.15,3.1828,149,-1.0,Location 2,Free Practice 2
1618042822,2021-10-04 08:20:00,15.0556,18.5,60,1018.25,2.12187,130,-1.0,Location 2,Free Practice 2
1618042887,2021-10-04 08:21:00,15.1111,18.6,60,1018.25,6.3656,173,-1.0,Location 2,Free Practice 2
1618042953,2021-10-04 08:22:00,15.0556,18.6,60,1018.25,3.1828,175,-1.0,Location 2,Free Practice 2
1618043017,2021-10-04 08:23:00,15.0556,18.7,60,1018.25,4.24374,161,-1.0,Location 2,Free Practice 2
1618043078,2021-10-04 08:24:00,15.0556,18.7,60,1018.25,4.24374,143,-1.0,Location 2,Free Practice 2
1618043143,2021-10-04 08:25:00,15.0556,18.7,60,1018.22,3.1828,148,-1.0,Location 2,Free Practice 2
1618043208,2021-10-04 08:26:00,15.0556,18.8,60,1018.22,2.12187,76,-1.0,Location 2,Free Practice 2
1618043268,2021-10-04 08:27:00,15.0556,18.8,60,1018.15,4.24374,142,-1.0,Location 2,Free Practice 2
1618043333,2021-10-04 08:28:00,15.0556,18.9,60,1018.25,1.06093,140,-1.0,Location 2,Free Practice 2
1618043398,2021-10-04 08:29:00,15.0556,19.0,60,1018.22,6.3656,160,-1.0,Location 2,Free Practice 2
1618043463,2021-10-04 08:31:00,15.0,19.0,60,1018.29,4.24374,131,-1.0,Location 2,Free Practice 2
1618043528,2021-10-04 08:32:00,14.9444,19.1,60,1018.25,7.42654,141,-1.0,Location 2,Free Practice 2
1618043593,2021-10-04 08:33:00,14.8889,19.2,60,1018.29,2.12187,147,-1.0,Location 2,Free Practice 2
1618043654,2021-10-04 08:34:00,14.8889,19.3,61,1018.35,2.12187,165,-1.0,Location 2,Free Practice 2
1618043719,2021-10-04 08:35:00,14.8889,19.5,61,1018.35,6.3656,146,-1.0,Location 2,Free Practice 2
1618043784,2021-10-04 08:36:00,14.8889,19.5,60,1018.29,5.30467,166,-1.0,Location 2,Free Practice 2
1618043848,2021-10-04 08:37:00,14.8333,19.5,61,1018.39,3.1828,80,-1.0,Location 2,Free Practice 2
1618043909,2021-10-04 08:38:00,14.8333,19.6,61,1018.29,1.06093,163,-1.0,Location 2,Free Practice 2
1618043974,2021-10-04 08:39:00,14.8333,19.7,61,1018.29,2.12187,155,-1.0,Location 2,Free Practice 2
1618044039,2021-10-04 08:40:00,14.8333,19.7,61,1018.29,1.06093,155,-1.0,Location 2,Free Practice 2
1618044104,2021-10-04 08:41:00,14.8889,19.9,61,1018.29,2.12187,152,-1.0,Location 2,Free Practice 2
1618044164,2021-10-04 08:42:00,14.9444,20.0,61,1018.22,4.24374,159,-1.0,Location 2,Free Practice 2
1618044229,2021-10-04 08:43:00,15.0,20.0,61,1018.25,7.42654,102,-1.0,Location 2,Free Practice 2
1618044295,2021-10-04 08:44:00,15.0556,20.1,61,1018.25,3.1828,148,-1.0,Location 2,Free Practice 2
1618044360,2021-10-04 08:46:00,15.0556,20.1,61,1018.19,3.1828,151,-1.0,Location 2,Free Practice 2
1618044425,2021-10-04 08:47:00,15.0556,20.2,61,1018.15,4.24374,155,-1.0,Location 2,Free Practice 2
1618044490,2021-10-04 08:48:00,15.0556,20.4,61,1018.15,2.12187,171,-1.0,Location 2,Free Practice 2
1618045251,2021-10-04 09:00:00,15.3333,21.0,60,1018.15,6.3656,149,-1.0,Location 2,Free Practice 2
1618045316,2021-10-04 09:01:00,15.3333,20.9,60,1018.08,4.24374,149,-1.0,Location 2,Free Practice 2
1618045381,2021-10-04 09:03:00,15.2778,20.8,61,1018.19,6.3656,169,-1.0,Location 2,Free Practice 2
1618045441,2021-10-04 09:04:00,15.2222,20.7,61,1018.08,4.24374,159,-1.0,Location 2,Free Practice 2
1618045506,2021-10-04 09:05:00,15.1667,20.6,61,1018.05,2.12187,104,-1.0,Location 2,Free Practice 2
1618048832,2021-10-04 10:00:00,15.1667,20.0,62,1018.08,2.12187,141,-1.0,Location 2,Qualifying Group 1
1618048896,2021-10-04 10:01:00,15.1111,19.9,62,1018.19,3.1828,105,-1.0,Location 2,Qualifying Group 1
1618048957,2021-10-04 10:02:00,15.1111,19.9,63,1018.08,1.06093,181,-1.0,Location 2,Qualifying Group 1
1618049022,2021-10-04 10:03:00,15.1111,19.9,63,1017.98,4.24374,163,-1.0,Location 2,Qualifying Group 1
1618034429,2021-10-04 06:00:00,9.77778,11.2,68,1017.58,0.0,84,-1.0,Location 2,Free Practice 1
1618034495,2021-10-04 06:01:00,9.83333,11.2,68,1017.64,0.0,84,-1.0,Location 2,Free Practice 1
1618034560,2021-10-04 06:02:00,9.83333,11.2,68,1017.61,1.06093,84,-1.0,Location 2,Free Practice 1
1618034624,2021-10-04 06:03:00,9.94445,11.2,67,1017.64,0.0,84,-1.0,Location 2,Free Practice 1
1618034685,2021-10-04 06:04:00,9.94445,11.2,67,1017.61,0.0,84,-1.0,Location 2,Free Practice 1
1618034750,2021-10-04 06:05:00,10.0,11.2,67,1017.64,0.0,84,-1.0,Location 2,Free Practice 1
1618034815,2021-10-04 06:06:00,10.0556,11.3,67,1017.64,0.0,84,-1.0,Location 2,Free Practice 1
1618034880,2021-10-04 06:08:00,10.1111,11.3,67,1017.61,0.0,84,-1.0,Location 2,Free Practice 1
1618034940,2021-10-04 06:09:00,10.1667,11.4,67,1017.64,0.0,84,-1.0,Location 2,Free Practice 1
1618035005,2021-10-04 06:10:00,10.2222,11.4,67,1017.61,0.0,84,-1.0,Location 2,Free Practice 1
1618035070,2021-10-04 06:11:00,10.2778,11.5,67,1017.64,0.0,84,-1.0,Location 2,Free Practice 1
1618035135,2021-10-04 06:12:00,10.3333,11.5,66,1017.68,0.0,84,-1.0,Location 2,Free Practice 1
1618035196,2021-10-04 06:13:00,10.3889,11.6,66,1017.61,2.12187,83,-1.0,Location 2,Free Practice 1
1618035261,2021-10-04 06:14:00,10.4444,11.6,66,1017.61,1.06093,83,-1.0,Location 2,Free Practice 1
1618035326,2021-10-04 06:15:00,10.5,11.8,65,1017.68,2.12187,83,-1.0,Location 2,Free Practice 1
1618035401,2021-10-04 06:16:00,10.5,11.8,65,1017.61,1.06093,71,-1.0,Location 2,Free Practice 1
1618035466,2021-10-04 06:17:00,10.5556,11.9,65,1017.58,0.0,71,-1.0,Location 2,Free Practice 1
1618035526,2021-10-04 06:18:00,10.5556,11.9,65,1017.71,1.06093,71,-1.0,Location 2,Free Practice 1
1618035591,2021-10-04 06:19:00,10.5556,12.0,65,1017.71,0.0,71,-1.0,Location 2,Free Practice 1
1618035656,2021-10-04 06:20:00,10.5556,12.0,65,1017.75,0.0,71,-1.0,Location 2,Free Practice 1
1618035721,2021-10-04 06:22:00,10.6111,12.1,65,1017.71,0.0,71,-1.0,Location 2,Free Practice 1
1618035781,2021-10-04 06:23:00,10.6111,12.1,65,1017.71,0.0,71,-1.0,Location 2,Free Practice 1
1618035847,2021-10-04 06:24:00,10.6667,12.2,65,1017.64,0.0,71,-1.0,Location 2,Free Practice 1
1618035912,2021-10-04 06:25:00,10.6667,12.2,65,1017.61,0.0,71,-1.0,Location 2,Free Practice 1
1618035976,2021-10-04 06:26:00,10.7222,12.3,65,1017.64,0.0,71,-1.0,Location 2,Free Practice 1
1618036037,2021-10-04 06:27:00,10.7222,12.3,65,1017.54,0.0,71,-1.0,Location 2,Free Practice 1
1618036102,2021-10-04 06:28:00,10.7778,12.3,65,1017.64,0.0,71,-1.0,Location 2,Free Practice 1
1618036167,2021-10-04 06:29:00,10.7778,12.4,65,1017.71,0.0,71,-1.0,Location 2,Free Practice 1
1618036232,2021-10-04 06:30:00,10.8333,12.4,65,1017.68,0.0,71,-1.0,Location 2,Free Practice 1
1618036292,2021-10-04 06:31:00,10.8333,12.5,65,1017.58,0.0,71,-1.0,Location 2,Free Practice 1
1618036357,2021-10-04 06:32:00,10.8889,12.5,65,1017.58,0.0,71,-1.0,Location 2,Free Practice 1
1618036422,2021-10-04 06:33:00,10.8889,12.6,65,1017.68,0.0,71,-1.0,Location 2,Free Practice 1
1618036488,2021-10-04 06:34:00,10.9444,12.6,65,1017.64,0.0,71,-1.0,Location 2,Free Practice 1
1618036552,2021-10-04 06:35:00,10.9444,12.6,65,1017.51,0.0,71,-1.0,Location 2,Free Practice 1
1618036613,2021-10-04 06:36:00,10.9444,12.6,65,1017.54,0.0,71,-1.0,Location 2,Free Practice 1
1618036678,2021-10-04 06:37:00,11.0,12.6,65,1017.58,0.0,71,-1.0,Location 2,Free Practice 1
1618036743,2021-10-04 06:39:00,11.0,12.7,65,1017.64,0.0,71,-1.0,Location 2,Free Practice 1
1618036808,2021-10-04 06:40:00,11.0556,12.7,65,1017.54,0.0,71,-1.0,Location 2,Free Practice 1
1618036868,2021-10-04 06:41:00,11.0556,12.8,65,1017.51,0.0,71,-1.0,Location 2,Free Practice 1
1618036933,2021-10-04 06:42:00,11.1111,12.8,65,1017.47,0.0,71,-1.0,Location 2,Free Practice 1
1618036998,2021-10-04 06:43:00,11.1667,12.8,65,1017.58,0.0,71,-1.0,Location 2,Free Practice 1
1618037063,2021-10-04 06:44:00,11.1667,12.9,65,1017.58,0.0,71,-1.0,Location 2,Free Practice 1
1618049287,2021-10-04 10:08:00,15.0556,19.6,63,1018.08,2.12187,160,-1.0,Location 2,Qualifying Group 2
1618049352,2021-10-04 10:09:00,15.0556,19.6,63,1018.08,1.06093,169,-1.0,Location 2,Qualifying Group 2
1618049418,2021-10-04 10:10:00,15.0556,19.5,63,1018.02,2.12187,168,-1.0,Location 2,Qualifying Group 2
1618049482,2021-10-04 10:11:00,15.0556,19.5,63,1018.02,4.24374,167,-1.0,Location 2,Qualifying Group 2
1618050259,2021-10-04 10:24:00,14.9444,19.4,64,1017.91,1.06093,196,-1.0,Location 2,Qualifying Group 4
1618050323,2021-10-04 10:25:00,14.9444,19.7,64,1017.85,0.0,197,-1.0,Location 2,Qualifying Group 4
1618050384,2021-10-04 10:26:00,14.9444,19.9,64,1017.88,2.12187,196,-1.0,Location 2,Qualifying Group 4
1618050449,2021-10-04 10:27:00,15.0,20.1,64,1017.78,2.12187,194,-1.0,Location 2,Qualifying Group 4
1618049798,2021-10-04 10:16:00,14.9444,19.4,63,1017.98,2.12187,171,-1.0,Location 2,Qualifying Group 3
1618049863,2021-10-04 10:17:00,14.9444,19.4,63,1017.95,1.06093,148,-1.0,Location 2,Qualifying Group 3
1618049928,2021-10-04 10:18:00,14.9444,19.4,63,1017.91,1.06093,163,-1.0,Location 2,Qualifying Group 3
1618049993,2021-10-04 10:19:00,14.9444,19.4,63,1017.81,2.12187,163,-1.0,Location 2,Qualifying Group 3
1614430803,2021-02-27 13:00:00,22.8333,29.2,30,937.183,1.06093,322,-1.0,Location 1,Qualifying Group 1
1614430882,2021-02-27 13:01:00,22.8333,29.0,30,937.115,1.06093,315,-1.0,Location 1,Qualifying Group 1
1614430948,2021-02-27 13:02:00,22.8333,28.9,30,937.082,1.06093,125,-1.0,Location 1,Qualifying Group 1
1614431013,2021-02-27 13:03:00,22.8333,28.7,30,937.115,2.12187,61,-1.0,Location 1,Qualifying Group 1
1614422760,2021-02-27 10:46:00,22.0,32.7,32,937.454,2.12187,286,-1.0,Location 1,Free Practice 3
1614422820,2021-02-27 10:47:00,22.0,33.0,32,937.42,8.48747,270,-1.0,Location 1,Free Practice 3
1614422885,2021-02-27 10:48:00,21.9444,33.2,32,937.454,4.24374,298,-1.0,Location 1,Free Practice 3
1614422950,2021-02-27 10:49:00,21.9444,33.5,32,937.352,4.24374,309,-1.0,Location 1,Free Practice 3
1614423016,2021-02-27 10:50:00,22.0,33.7,32,937.386,4.24374,294,-1.0,Location 1,Free Practice 3
1614423081,2021-02-27 10:51:00,22.0556,33.9,32,937.42,2.12187,295,-1.0,Location 1,Free Practice 3
1614423145,2021-02-27 10:52:00,22.1111,34.1,32,937.386,1.06093,288,-1.0,Location 1,Free Practice 3
1614423206,2021-02-27 10:53:00,22.1667,34.2,32,937.42,3.1828,331,-1.0,Location 1,Free Practice 3
1614423270,2021-02-27 10:54:00,22.2222,34.4,31,937.454,2.12187,329,-1.0,Location 1,Free Practice 3
1614423331,2021-02-27 10:55:00,22.2778,34.5,31,937.42,3.1828,297,-1.0,Location 1,Free Practice 3
1614423396,2021-02-27 10:56:00,22.2778,34.5,31,937.386,3.1828,277,-1.0,Location 1,Free Practice 3
1614423461,2021-02-27 10:57:00,22.3333,34.7,31,937.352,3.1828,22,-1.0,Location 1,Free Practice 3
1614423526,2021-02-27 10:58:00,22.3333,34.7,31,937.319,2.12187,18,-1.0,Location 1,Free Practice 3
1614423601,2021-02-27 11:00:00,22.3333,34.8,31,937.319,0.0,332,-1.0,Location 1,Free Practice 3
1614423661,2021-02-27 11:01:00,22.3889,34.8,31,937.251,1.06093,332,-1.0,Location 1,Free Practice 3
1614423727,2021-02-27 11:02:00,22.3889,34.9,31,937.217,5.30467,298,-1.0,Location 1,Free Practice 3
1614423792,2021-02-27 11:03:00,22.4444,35.0,31,937.217,2.12187,61,-1.0,Location 1,Free Practice 3
1614423856,2021-02-27 11:04:00,22.4444,35.0,30,937.183,1.06093,348,-1.0,Location 1,Free Practice 3
1614423917,2021-02-27 11:05:00,22.4444,35.1,31,937.149,10.6093,301,-1.0,Location 1,Free Practice 3
1614423982,2021-02-27 11:06:00,22.4444,34.9,30,937.082,2.12187,5,-1.0,Location 1,Free Practice 3
1614424047,2021-02-27 11:07:00,22.4444,34.6,30,937.149,5.30467,314,-1.0,Location 1,Free Practice 3
1614424112,2021-02-27 11:08:00,22.4444,34.1,30,937.115,2.12187,283,-1.0,Location 1,Free Practice 3
1614424177,2021-02-27 11:09:00,22.5,34.1,30,937.082,2.12187,275,-1.0,Location 1,Free Practice 3
1614424237,2021-02-27 11:10:00,22.5,34.2,30,937.115,3.1828,355,-1.0,Location 1,Free Practice 3
1614424302,2021-02-27 11:11:00,22.5556,34.3,30,937.082,3.1828,290,-1.0,Location 1,Free Practice 3
1614424368,2021-02-27 11:12:00,22.6111,34.3,30,937.014,1.06093,304,-1.0,Location 1,Free Practice 3
1614424432,2021-02-27 11:13:00,22.6111,34.3,31,937.082,1.06093,302,-1.0,Location 1,Free Practice 3
1614424493,2021-02-27 11:14:00,22.6667,34.2,30,937.014,2.12187,296,-1.0,Location 1,Free Practice 3
1614424558,2021-02-27 11:15:00,22.7222,34.2,30,937.115,2.12187,296,-1.0,Location 1,Free Practice 3
1614424623,2021-02-27 11:17:00,22.7778,34.3,30,937.082,6.3656,49,-1.0,Location 1,Free Practice 3
1614424688,2021-02-27 11:18:00,22.7778,34.4,30,937.115,4.24374,21,-1.0,Location 1,Free Practice 3
1614424748,2021-02-27 11:19:00,22.7778,34.4,30,937.048,2.12187,5,-1.0,Location 1,Free Practice 3
1614424813,2021-02-27 11:20:00,22.7778,34.5,30,936.98,1.06093,350,-1.0,Location 1,Free Practice 3
1614424878,2021-02-27 11:21:00,22.8333,34.4,30,937.014,2.12187,41,-1.0,Location 1,Free Practice 3
1614424943,2021-02-27 11:22:00,22.8889,34.4,30,937.014,2.12187,58,-1.0,Location 1,Free Practice 3
1614425003,2021-02-27 11:23:00,22.8889,34.4,30,937.048,5.30467,346,-1.0,Location 1,Free Practice 3
1614425069,2021-02-27 11:24:00,22.9444,34.4,30,937.014,2.12187,291,-1.0,Location 1,Free Practice 3
1614425134,2021-02-27 11:25:00,23.0,34.4,30,937.082,4.24374,312,-1.0,Location 1,Free Practice 3
1614425199,2021-02-27 11:26:00,23.0,34.4,30,937.048,5.30467,26,-1.0,Location 1,Free Practice 3
1614425264,2021-02-27 11:27:00,22.9444,33.9,29,937.014,2.12187,51,-1.0,Location 1,Free Practice 3
1614425324,2021-02-27 11:28:00,22.8889,33.6,29,937.082,2.12187,292,-1.0,Location 1,Free Practice 3
1614425389,2021-02-27 11:29:00,22.8333,33.5,30,937.082,2.12187,304,-1.0,Location 1,Free Practice 3
1614431333,2021-02-27 13:08:00,22.9444,28.2,30,936.98,2.12187,99,-1.0,Location 1,Qualifying Group 2
1614431398,2021-02-27 13:09:00,22.9444,28.1,30,937.014,0.0,87,-1.0,Location 1,Qualifying Group 2
1614431464,2021-02-27 13:11:00,23.0,28.0,30,936.946,3.1828,88,-1.0,Location 1,Qualifying Group 2
1614432294,2021-02-27 13:24:00,22.8889,26.8,30,937.014,3.1828,340,-1.0,Location 1,Qualifying Group 4
1614432355,2021-02-27 13:25:00,22.8889,26.8,30,937.048,2.12187,57,-1.0,Location 1,Qualifying Group 4
1614432420,2021-02-27 13:27:00,22.8889,26.7,30,937.014,3.1828,44,-1.0,Location 1,Qualifying Group 4
1614431784,2021-02-27 13:16:00,22.8889,27.5,30,936.98,1.06093,98,-1.0,Location 1,Qualifying Group 3
1614431844,2021-02-27 13:17:00,22.8889,27.4,30,937.048,1.06093,57,-1.0,Location 1,Qualifying Group 3
1614431909,2021-02-27 13:18:00,22.8889,27.3,30,937.014,0.0,56,-1.0,Location 1,Qualifying Group 3
1614431974,2021-02-27 13:19:00,22.8889,27.2,30,936.946,0.0,88,-1.0,Location 1,Qualifying Group 3
1619337619,2021-04-25 08:00:00,14.2222,14.9,87,992.754,0.0,329,-1.0,Location 3,Qualifying Group 1
1619337684,2021-04-25 08:01:00,14.2222,15.0,87,992.889,0.0,329,-1.0,Location 3,Qualifying Group 1
1619337749,2021-04-25 08:02:00,14.2778,15.0,87,992.788,2.12187,284,-1.0,Location 3,Qualifying Group 1
1619337814,2021-04-25 08:03:00,14.2778,15.0,87,992.855,1.06093,283,-1.0,Location 3,Qualifying Group 1
1619330453,2021-04-25 06:00:00,12.2222,12.0,92,992.889,0.0,333,-1.0,Location 3,Free Practice 3
1619330518,2021-04-25 06:01:00,12.2222,12.0,92,992.889,0.0,333,-1.0,Location 3,Free Practice 3
1619330583,2021-04-25 06:03:00,12.2222,12.0,92,992.923,0.0,333,-1.0,Location 3,Free Practice 3
1619330648,2021-04-25 06:04:00,12.2222,12.0,92,992.923,0.0,333,-1.0,Location 3,Free Practice 3
1619330708,2021-04-25 06:05:00,12.2222,12.0,92,992.957,0.0,333,-1.0,Location 3,Free Practice 3
1619330774,2021-04-25 06:06:00,12.2778,12.0,92,992.991,0.0,333,-1.0,Location 3,Free Practice 3
1619330839,2021-04-25 06:07:00,12.2778,11.9,92,993.059,0.0,333,-1.0,Location 3,Free Practice 3
1619330903,2021-04-25 06:08:00,12.2778,11.9,92,992.957,0.0,332,-1.0,Location 3,Free Practice 3
1619330964,2021-04-25 06:09:00,12.2778,11.9,92,992.923,0.0,332,-1.0,Location 3,Free Practice 3
1619331029,2021-04-25 06:10:00,12.2778,11.9,92,992.923,0.0,332,-1.0,Location 3,Free Practice 3
1619331094,2021-04-25 06:11:00,12.2778,12.0,92,992.923,0.0,332,-1.0,Location 3,Free Practice 3
1619331159,2021-04-25 06:12:00,12.2778,12.0,92,992.923,0.0,332,-1.0,Location 3,Free Practice 3
1619331219,2021-04-25 06:13:00,12.2778,11.9,92,992.923,0.0,332,-1.0,Location 3,Free Practice 3
1619331284,2021-04-25 06:14:00,12.2778,12.0,92,992.957,0.0,332,-1.0,Location 3,Free Practice 3
1619331350,2021-04-25 06:15:00,12.2778,12.0,92,992.822,0.0,332,-1.0,Location 3,Free Practice 3
1619331414,2021-04-25 06:16:00,12.2778,12.0,92,992.754,0.0,332,-1.0,Location 3,Free Practice 3
1619331475,2021-04-25 06:17:00,12.2778,12.0,92,992.788,0.0,332,-1.0,Location 3,Free Practice 3
1619331540,2021-04-25 06:19:00,12.2778,12.0,92,992.754,0.0,332,-1.0,Location 3,Free Practice 3
1619331605,2021-04-25 06:20:00,12.2778,12.0,92,992.822,0.0,332,-1.0,Location 3,Free Practice 3
1619331670,2021-04-25 06:21:00,12.2778,12.0,92,992.822,0.0,332,-1.0,Location 3,Free Practice 3
1619331730,2021-04-25 06:22:00,12.2778,12.0,92,992.855,0.0,332,-1.0,Location 3,Free Practice 3
1619331795,2021-04-25 06:23:00,12.3333,12.0,92,992.855,0.0,332,-1.0,Location 3,Free Practice 3
1619331860,2021-04-25 06:24:00,12.3333,12.0,92,992.822,0.0,332,-1.0,Location 3,Free Practice 3
1619331925,2021-04-25 06:25:00,12.3333,12.0,92,992.923,0.0,332,-1.0,Location 3,Free Practice 3
1619331990,2021-04-25 06:26:00,12.3333,12.0,92,992.855,0.0,332,-1.0,Location 3,Free Practice 3
1619332051,2021-04-25 06:27:00,12.3333,12.0,92,992.855,0.0,332,-1.0,Location 3,Free Practice 3
1619332116,2021-04-25 06:28:00,12.3333,12.0,92,992.822,0.0,332,-1.0,Location 3,Free Practice 3
1619332181,2021-04-25 06:29:00,12.3889,12.0,92,992.788,0.0,332,-1.0,Location 3,Free Practice 3
1619332245,2021-04-25 06:30:00,12.3889,12.1,92,992.889,0.0,332,-1.0,Location 3,Free Practice 3
1619332306,2021-04-25 06:31:00,12.3889,12.1,92,993.025,0.0,332,-1.0,Location 3,Free Practice 3
1619332371,2021-04-25 06:32:00,12.3889,12.1,92,992.957,0.0,332,-1.0,Location 3,Free Practice 3
1619332436,2021-04-25 06:33:00,12.3889,12.2,92,992.991,0.0,332,-1.0,Location 3,Free Practice 3
1619332501,2021-04-25 06:35:00,12.3889,12.2,92,993.059,0.0,332,-1.0,Location 3,Free Practice 3
1619332561,2021-04-25 06:36:00,12.4444,12.3,93,992.923,0.0,332,-1.0,Location 3,Free Practice 3
1619332626,2021-04-25 06:37:00,12.4444,12.3,93,992.923,0.0,332,-1.0,Location 3,Free Practice 3
1619332692,2021-04-25 06:38:00,12.4444,12.3,93,992.855,0.0,332,-1.0,Location 3,Free Practice 3
1619332756,2021-04-25 06:39:00,12.4444,12.4,92,992.889,0.0,332,-1.0,Location 3,Free Practice 3
1619332817,2021-04-25 06:40:00,12.4444,12.4,92,992.923,0.0,331,-1.0,Location 3,Free Practice 3
1619332882,2021-04-25 06:41:00,12.4444,12.4,92,992.923,0.0,331,-1.0,Location 3,Free Practice 3
1619332947,2021-04-25 06:42:00,12.5,12.4,92,992.889,0.0,331,-1.0,Location 3,Free Practice 3
1619333012,2021-04-25 06:43:00,12.5,12.4,92,992.822,0.0,331,-1.0,Location 3,Free Practice 3
1619333077,2021-04-25 06:44:00,12.5,12.4,92,992.822,0.0,331,-1.0,Location 3,Free Practice 3
1619338135,2021-04-25 08:08:00,14.4444,15.8,87,992.957,2.12187,269,-1.0,Location 3,Qualifying Group 2
1619338200,2021-04-25 08:10:00,14.5,16.0,87,992.889,1.06093,273,-1.0,Location 3,Qualifying Group 2
1619338260,2021-04-25 08:11:00,14.5556,16.1,87,992.991,0.0,360,-1.0,Location 3,Qualifying Group 2
1619339091,2021-04-25 08:24:00,14.7778,17.0,85,992.923,2.12187,266,-1.0,Location 3,Qualifying Group 4
1619339156,2021-04-25 08:25:00,14.7778,17.3,85,992.855,2.12187,267,-1.0,Location 3,Qualifying Group 4
1619339222,2021-04-25 08:27:00,14.7778,17.3,84,992.822,1.06093,265,-1.0,Location 3,Qualifying Group 4
1619338581,2021-04-25 08:16:00,14.6667,16.3,86,992.889,0.0,296,-1.0,Location 3,Qualifying Group 3
1619338646,2021-04-25 08:17:00,14.7222,16.1,86,992.923,0.0,304,-1.0,Location 3,Qualifying Group 3
1619338711,2021-04-25 08:18:00,14.6667,16.0,85,992.991,1.06093,305,-1.0,Location 3,Qualifying Group 3
1619338776,2021-04-25 08:19:00,14.6667,16.0,85,992.889,1.06093,150,-1.0,Location 3,Qualifying Group 3
1627203652,2021-07-25 09:00:00,19.0,19.0,79,1006.0,1.0,329,0.0,Location 7,Qualifying Group 1
1627203712,2021-07-25 09:01:00,19.0,19.0,80,1006.0,11.0,321,0.0,Location 7,Qualifying Group 1
1627203772,2021-07-25 09:02:00,19.0,19.0,79,1006.0,11.0,310,0.0,Location 7,Qualifying Group 1
1627203832,2021-07-25 09:03:00,19.0,19.0,80,1006.0,21.0,313,0.0,Location 7,Qualifying Group 1
1627204133,2021-07-25 09:08:00,19.0,19.0,80,1006.0,14.0,305,0.0,Location 7,Qualifying Group 2
1627204193,2021-07-25 09:09:00,19.0,19.0,80,1006.0,11.0,297,0.0,Location 7,Qualifying Group 2
1627204253,2021-07-25 09:10:00,19.0,19.0,80,1006.0,17.0,316,0.0,Location 7,Qualifying Group 2
1627204313,2021-07-25 09:11:00,19.0,19.0,81,1006.0,0.0,308,0.01,Location 7,Qualifying Group 2
1627205093,2021-07-25 09:24:00,20.0,19.0,78,1006.0,10.0,297,0.0,Location 7,Qualifying Group 4
1627205153,2021-07-25 09:25:00,20.0,19.0,77,1006.0,9.0,316,0.0,Location 7,Qualifying Group 4
1627205213,2021-07-25 09:26:00,19.0,19.0,78,1006.0,8.0,314,0.0,Location 7,Qualifying Group 4
1627205273,2021-07-25 09:27:00,19.0,20.0,78,1006.0,6.0,56,0.0,Location 7,Qualifying Group 4
1627204613,2021-07-25 09:16:00,19.0,19.0,78,1006.0,5.0,282,0.0,Location 7,Qualifying Group 3
1627204673,2021-07-25 09:17:00,19.0,19.0,78,1006.0,0.0,25,0.0,Location 7,Qualifying Group 3
1627204733,2021-07-25 09:18:00,19.0,19.0,79,1006.0,0.0,35,0.0,Location 7,Qualifying Group 3
1627204793,2021-07-25 09:19:00,19.0,19.0,79,1006.0,4.0,94,0.0,Location 7,Qualifying Group 3
1624208415,2021-06-20 17:00:00,2.0,47.0,69,7.0,2.0,228,-1.0,Location 5,Qualifying Group 1
1624208480,2021-06-20 17:01:00,2.0,47.0,69,7.0,31.0,227,-1.0,Location 5,Qualifying Group 1
1624208545,2021-06-20 17:02:00,20.0,47.0,69,7.0,1.0,227,-1.0,Location 5,Qualifying Group 1
1624208610,2021-06-20 17:03:00,2.0,47.0,69,7.0,63.0,216,-1.0,Location 5,Qualifying Group 1
1624198530,2021-06-20 14:15:00,1.0,24.0,86,7.0,0.0,192,-1.0,Location 5,Free Practice 3
1624198605,2021-06-20 14:16:00,1.0,24.0,86,7.0,0.0,192,-1.0,Location 5,Free Practice 3
1624198670,2021-06-20 14:17:00,1.0,24.0,86,7.0,0.0,192,-1.0,Location 5,Free Practice 3
1624198735,2021-06-20 14:18:00,1.0,24.0,86,7.0,0.0,192,-1.0,Location 5,Free Practice 3
1624198800,2021-06-20 14:20:00,1.0,24.0,85,7.0,0.0,192,-1.0,Location 5,Free Practice 3
1624198860,2021-06-20 14:21:00,1.0,24.0,85,7.0,2.0,192,-1.0,Location 5,Free Practice 3
1624198925,2021-06-20 14:22:00,1.0,24.0,85,7.0,0.0,192,-1.0,Location 5,Free Practice 3
1624198990,2021-06-20 14:23:00,1.0,24.0,85,7.0,0.0,192,-1.0,Location 5,Free Practice 3
1624199055,2021-06-20 14:24:00,1.0,24.0,85,7.0,0.0,192,-1.0,Location 5,Free Practice 3
1624199115,2021-06-20 14:25:00,16.0,25.0,85,7.0,2.0,59,-1.0,Location 5,Free Practice 3
1624199181,2021-06-20 14:26:00,1.0,25.0,84,7.0,2.0,55,-1.0,Location 5,Free Practice 3
1624199246,2021-06-20 14:27:00,1.0,25.0,84,7.0,1.0,55,-1.0,Location 5,Free Practice 3
1624199310,2021-06-20 14:28:00,1.0,25.0,83,7.0,2.0,55,-1.0,Location 5,Free Practice 3
1624199371,2021-06-20 14:29:00,1.0,25.0,82,7.0,2.0,55,-1.0,Location 5,Free Practice 3
1624199436,2021-06-20 14:30:00,1.0,25.0,82,7.0,1.0,55,-1.0,Location 5,Free Practice 3
1624199501,2021-06-20 14:31:00,1.0,26.0,82,7.0,1.0,55,-1.0,Location 5,Free Practice 3
1624199566,2021-06-20 14:32:00,1.0,26.0,82,7.0,1.0,55,-1.0,Location 5,Free Practice 3
1624199631,2021-06-20 14:33:00,1.0,26.0,81,7.0,1.0,55,-1.0,Location 5,Free Practice 3
1624199691,2021-06-20 14:34:00,1.0,26.0,81,7.0,0.0,55,-1.0,Location 5,Free Practice 3
1624199757,2021-06-20 14:35:00,1.0,26.0,81,7.0,2.0,55,-1.0,Location 5,Free Practice 3
1624199822,2021-06-20 14:37:00,1.0,27.0,81,7.0,0.0,355,-1.0,Location 5,Free Practice 3
1624199887,2021-06-20 14:38:00,1.0,27.0,81,7.0,1.0,226,-1.0,Location 5,Free Practice 3
1624199951,2021-06-20 14:39:00,1.0,27.0,81,7.0,2.0,351,-1.0,Location 5,Free Practice 3
1624200012,2021-06-20 14:40:00,1.0,27.0,80,7.0,0.0,351,-1.0,Location 5,Free Practice 3
1624200077,2021-06-20 14:41:00,1.0,27.0,81,7.0,0.0,351,-1.0,Location 5,Free Practice 3
1624200142,2021-06-20 14:42:00,1.0,27.0,81,7.0,1.0,355,-1.0,Location 5,Free Practice 3
1624200202,2021-06-20 14:43:00,1.0,28.0,81,7.0,1.0,355,-1.0,Location 5,Free Practice 3
1624200267,2021-06-20 14:44:00,1.0,28.0,81,7.0,0.0,355,-1.0,Location 5,Free Practice 3
1624200332,2021-06-20 14:45:00,1.0,28.0,80,7.0,0.0,355,-1.0,Location 5,Free Practice 3
1624200397,2021-06-20 14:46:00,18.0,28.0,80,7.0,1.0,355,-1.0,Location 5,Free Practice 3
1624200457,2021-06-20 14:47:00,1.0,28.0,80,7.0,1.0,355,-1.0,Location 5,Free Practice 3
1624200523,2021-06-20 14:48:00,1.0,28.0,80,7.0,0.0,355,-1.0,Location 5,Free Practice 3
1624200588,2021-06-20 14:49:00,1.0,28.0,80,7.0,0.0,355,-1.0,Location 5,Free Practice 3
1624200653,2021-06-20 14:50:00,1.0,28.0,79,7.0,0.0,355,-1.0,Location 5,Free Practice 3
1624200713,2021-06-20 14:51:00,1.0,29.0,79,7.0,0.0,355,-1.0,Location 5,Free Practice 3
1624200778,2021-06-20 14:52:00,1.0,29.0,79,7.0,0.0,355,-1.0,Location 5,Free Practice 3
1624200843,2021-06-20 14:54:00,1.0,29.0,78,7.0,0.0,355,-1.0,Location 5,Free Practice 3
1624200908,2021-06-20 14:55:00,1.0,29.0,78,7.0,0.0,355,-1.0,Location 5,Free Practice 3
1624200973,2021-06-20 14:56:00,1.0,29.0,79,7.0,1.0,355,-1.0,Location 5,Free Practice 3
1624201033,2021-06-20 14:57:00,1.0,30.0,79,7.0,2.0,355,-1.0,Location 5,Free Practice 3
1624201099,2021-06-20 14:58:00,1.0,30.0,79,7.0,1.0,355,-1.0,Location 5,Free Practice 3
1624201164,2021-06-20 14:59:00,1.0,30.0,79,7.0,1.0,11,-1.0,Location 5,Free Practice 3
1624208926,2021-06-20 17:08:00,2.0,45.0,70,7.0,5.0,241,-1.0,Location 5,Qualifying Group 2
1624208991,2021-06-20 17:09:00,2.0,45.0,70,7.0,5.0,238,-1.0,Location 5,Qualifying Group 2
1624209056,2021-06-20 17:10:00,2.0,45.0,70,7.0,4.0,234,-1.0,Location 5,Qualifying Group 2
1624209887,2021-06-20 17:24:00,2.0,48.0,68,7.0,4.0,215,-1.0,Location 5,Qualifying Group 4
1624209952,2021-06-20 17:25:00,2.0,48.0,68,7.0,5.0,227,-1.0,Location 5,Qualifying Group 4
1624210012,2021-06-20 17:26:00,2.0,47.0,68,7.0,1.0,232,-1.0,Location 5,Qualifying Group 4
1624210077,2021-06-20 17:27:00,2.0,47.0,68,7.0,9.0,230,-1.0,Location 5,Qualifying Group 4
1624209376,2021-06-20 17:16:00,2.0,44.0,70,7.0,9.0,222,-1.0,Location 5,Qualifying Group 3
1624209441,2021-06-20 17:17:00,2.0,45.0,70,7.0,63.0,238,-1.0,Location 5,Qualifying Group 3
1624209501,2021-06-20 17:18:00,2.0,45.0,70,7.0,9.0,236,-1.0,Location 5,Qualifying Group 3
1624209567,2021-06-20 17:19:00,2.0,46.0,69,7.0,8.0,217,-1.0,Location 5,Qualifying Group 3
1626010250,2021-11-07 13:30:00,22.0,25.0,87,1016.0,0.0,269,-1.0,Location 6,Qualifying Group 1
1626010310,2021-11-07 13:31:00,22.0,25.0,87,1016.0,0.0,222,-1.0,Location 6,Qualifying Group 1
1626010370,2021-11-07 13:32:00,22.0,25.0,87,1016.0,0.0,254,-1.0,Location 6,Qualifying Group 1
1626010430,2021-11-07 13:33:00,22.0,25.0,87,1016.0,0.0,210,-1.0,Location 6,Qualifying Group 1
1626010730,2021-11-07 13:38:00,22.0,25.0,87,1016.0,1.0,210,-1.0,Location 6,Qualifying Group 2
1626010790,2021-11-07 13:39:00,22.0,25.0,87,1016.0,2.0,220,-1.0,Location 6,Qualifying Group 2
1626010850,2021-11-07 13:40:00,22.0,25.0,87,1016.0,1.0,224,-1.0,Location 6,Qualifying Group 2
1626010910,2021-11-07 13:41:00,22.0,25.0,87,1016.0,1.0,145,-1.0,Location 6,Qualifying Group 2
1626011650,2021-11-07 13:54:00,2.0,25.0,87,1016.0,31.0,218,-1.0,Location 6,Qualifying Group 4
1626011715,2021-11-07 13:55:00,2.0,25.0,86,1016.0,2.0,202,-1.0,Location 6,Qualifying Group 4
1626011781,2021-11-07 13:56:00,2.0,25.0,86,1016.0,0.0,222,-1.0,Location 6,Qualifying Group 4
1626011845,2021-11-07 13:57:00,23.0,25.0,86,1016.0,1.0,235,-1.0,Location 6,Qualifying Group 4
1626011330,2021-11-07 13:48:00,2.0,25.0,86,1016.0,2.0,211,-1.0,Location 6,Qualifying Group 3
1626011395,2021-11-07 13:49:00,2.0,25.0,87,1016.0,2.0,161,-1.0,Location 6,Qualifying Group 3
1618124458,2021-11-04 07:00:00,12.3889,11.6,77,1012.8,3.1828,157,-1.0,Location 2,Qualifying Group 1
1618124523,2021-11-04 07:02:00,12.3889,11.7,77,1012.87,2.12187,141,-1.0,Location 2,Qualifying Group 1
1618124588,2021-11-04 07:03:00,12.4444,11.7,78,1012.77,4.24374,161,-1.0,Location 2,Qualifying Group 1
1618117217,2021-11-04 05:00:00,12.6667,10.7,71,1012.63,4.24374,160,-1.0,Location 2,Free Practice 3
1618117281,2021-11-04 05:01:00,12.6667,10.7,71,1012.67,2.12187,160,-1.0,Location 2,Free Practice 3
1618117342,2021-11-04 05:02:00,12.6667,10.7,71,1012.67,5.30467,183,-1.0,Location 2,Free Practice 3
1618117407,2021-11-04 05:03:00,12.6667,10.6,71,1012.7,4.24374,165,-1.0,Location 2,Free Practice 3
1618117472,2021-11-04 05:04:00,12.6667,10.6,71,1012.77,4.24374,113,-1.0,Location 2,Free Practice 3
1618117537,2021-11-04 05:05:00,12.7222,10.6,71,1012.73,2.12187,175,-1.0,Location 2,Free Practice 3
1618117597,2021-11-04 05:06:00,12.7222,10.6,70,1012.77,2.12187,168,-1.0,Location 2,Free Practice 3
1618117662,2021-11-04 05:07:00,12.7222,10.6,70,1012.73,2.12187,156,-1.0,Location 2,Free Practice 3
1618117727,2021-11-04 05:08:00,12.7778,10.6,70,1012.73,5.30467,164,-1.0,Location 2,Free Practice 3
1618117793,2021-11-04 05:09:00,12.7778,10.6,70,1012.77,4.24374,69,-1.0,Location 2,Free Practice 3
1618117857,2021-11-04 05:10:00,12.7778,10.6,70,1012.8,5.30467,158,-1.0,Location 2,Free Practice 3
1618117918,2021-11-04 05:11:00,12.7778,10.6,70,1012.8,2.12187,174,-1.0,Location 2,Free Practice 3
1618117983,2021-11-04 05:13:00,12.7778,10.6,70,1012.87,4.24374,170,-1.0,Location 2,Free Practice 3
1618118048,2021-11-04 05:14:00,12.7778,10.6,69,1012.87,6.3656,173,-1.0,Location 2,Free Practice 3
1618118113,2021-11-04 05:15:00,12.8333,10.6,69,1012.84,5.30467,163,-1.0,Location 2,Free Practice 3
1618118178,2021-11-04 05:16:00,12.8333,10.5,69,1012.94,6.3656,151,-1.0,Location 2,Free Practice 3
1618118238,2021-11-04 05:17:00,12.8333,10.5,68,1012.9,4.24374,153,-1.0,Location 2,Free Practice 3
1618118303,2021-11-04 05:18:00,12.8333,10.5,68,1012.87,4.24374,160,-1.0,Location 2,Free Practice 3
1618118368,2021-11-04 05:19:00,12.8889,10.5,68,1012.87,2.12187,152,-1.0,Location 2,Free Practice 3
1618118428,2021-11-04 05:20:00,12.8889,10.5,68,1012.84,2.12187,158,-1.0,Location 2,Free Practice 3
1618118494,2021-11-04 05:21:00,12.8889,10.5,68,1012.8,5.30467,174,-1.0,Location 2,Free Practice 3
1618118559,2021-11-04 05:22:00,12.8889,10.5,68,1012.87,1.06093,174,-1.0,Location 2,Free Practice 3
1618118623,2021-11-04 05:23:00,12.8889,10.5,69,1012.9,3.1828,208,-1.0,Location 2,Free Practice 3
1618118684,2021-11-04 05:24:00,12.9444,10.5,68,1012.8,1.06093,190,-1.0,Location 2,Free Practice 3
1618118749,2021-11-04 05:25:00,12.8889,10.5,68,1012.87,5.30467,158,-1.0,Location 2,Free Practice 3
1618118814,2021-11-04 05:26:00,12.8889,10.5,68,1012.8,4.24374,194,-1.0,Location 2,Free Practice 3
1618118879,2021-11-04 05:27:00,12.8889,10.5,67,1012.84,3.1828,148,-1.0,Location 2,Free Practice 3
1618118939,2021-11-04 05:28:00,12.9444,10.4,67,1012.87,4.24374,178,-1.0,Location 2,Free Practice 3
1618119004,2021-11-04 05:30:00,12.9444,10.4,67,1012.9,4.24374,175,-1.0,Location 2,Free Practice 3
1618119070,2021-11-04 05:31:00,12.9444,10.4,66,1012.87,4.24374,169,-1.0,Location 2,Free Practice 3
1618119135,2021-11-04 05:32:00,12.9444,10.3,66,1012.77,2.12187,130,-1.0,Location 2,Free Practice 3
1618119199,2021-11-04 05:33:00,12.9444,10.3,66,1012.84,2.12187,197,-1.0,Location 2,Free Practice 3
1618119260,2021-11-04 05:34:00,12.9444,10.3,66,1012.8,4.24374,150,-1.0,Location 2,Free Practice 3
1618119330,2021-11-04 05:35:00,12.9444,10.3,66,1012.73,4.24374,167,-1.0,Location 2,Free Practice 3
1618119390,2021-11-04 05:36:00,12.9444,10.3,66,1012.8,4.24374,164,-1.0,Location 2,Free Practice 3
1618119455,2021-11-04 05:37:00,12.9444,10.3,66,1012.7,3.1828,175,-1.0,Location 2,Free Practice 3
1618119515,2021-11-04 05:38:00,12.9444,10.3,66,1012.73,2.12187,130,-1.0,Location 2,Free Practice 3
1618119580,2021-11-04 05:39:00,12.9444,10.3,66,1012.63,5.30467,148,-1.0,Location 2,Free Practice 3
1618119645,2021-11-04 05:40:00,12.9444,10.3,66,1012.63,3.1828,119,-1.0,Location 2,Free Practice 3
1618119710,2021-11-04 05:41:00,12.9444,10.3,66,1012.63,2.12187,195,-1.0,Location 2,Free Practice 3
1618119771,2021-11-04 05:42:00,12.9444,10.2,66,1012.67,8.48747,196,-1.0,Location 2,Free Practice 3
1618119836,2021-11-04 05:43:00,12.9444,10.2,66,1012.67,3.1828,56,-1.0,Location 2,Free Practice 3
1618124908,2021-11-04 07:08:00,12.6667,11.7,76,1013.0,2.12187,163,-1.0,Location 2,Qualifying Group 2
1618124969,2021-11-04 07:09:00,12.7222,11.7,75,1012.94,7.42654,172,-1.0,Location 2,Qualifying Group 2
1618125034,2021-11-04 07:10:00,12.7778,11.7,75,1013.0,3.1828,146,-1.0,Location 2,Qualifying Group 2
1618125099,2021-11-04 07:11:00,12.8333,11.7,75,1012.94,6.3656,173,-1.0,Location 2,Qualifying Group 2
1618125862,2021-11-04 07:24:00,13.2222,12.0,74,1012.97,3.1828,126,-1.0,Location 2,Qualifying Group 4
1618125925,2021-11-04 07:25:00,13.2222,12.0,74,1013.0,6.3656,165,-1.0,Location 2,Qualifying Group 4
1618125990,2021-11-04 07:26:00,13.2778,12.0,74,1012.97,1.06093,93,-1.0,Location 2,Qualifying Group 4
1618126055,2021-11-04 07:27:00,13.2778,12.0,74,1012.87,2.12187,150,-1.0,Location 2,Qualifying Group 4
1618125419,2021-11-04 07:16:00,13.0556,11.7,74,1012.94,3.1828,134,-1.0,Location 2,Qualifying Group 3
1618125484,2021-11-04 07:18:00,13.0556,11.8,75,1012.97,2.12187,173,-1.0,Location 2,Qualifying Group 3
1618125544,2021-11-04 07:19:00,13.1111,11.8,75,1012.9,3.1828,142,-1.0,Location 2,Qualifying Group 3
1627113609,2021-07-24 08:00:00,17.0,17.0,92,1007.0,4.0,22,0.25,Location 7,Free Practice 2
1627113669,2021-07-24 08:01:00,17.0,17.0,91,1007.0,13.0,333,0.01,Location 7,Free Practice 2
1627113729,2021-07-24 08:02:00,17.0,17.0,90,1007.0,3.0,327,0.03,Location 7,Free Practice 2
1627113789,2021-07-24 08:03:00,17.0,17.0,91,1007.0,5.0,13,0.0,Location 7,Free Practice 2
1627113849,2021-07-24 08:04:00,17.0,17.0,92,1007.0,4.0,72,0.0,Location 7,Free Practice 2
1627113909,2021-07-24 08:05:00,17.0,17.0,92,1008.0,4.0,96,0.0,Location 7,Free Practice 2
1627113969,2021-07-24 08:06:00,17.0,17.0,92,1007.0,4.0,343,0.0,Location 7,Free Practice 2
1627114029,2021-07-24 08:07:00,17.0,17.0,91,1007.0,3.0,1,0.0,Location 7,Free Practice 2
1627114089,2021-07-24 08:08:00,17.0,17.0,91,1007.0,3.0,43,0.0,Location 7,Free Practice 2
1627114149,2021-07-24 08:09:00,17.0,17.0,91,1007.0,7.0,90,0.0,Location 7,Free Practice 2
1627114209,2021-07-24 08:10:00,17.0,17.0,91,1007.0,2.0,53,0.0,Location 7,Free Practice 2
1627114269,2021-07-24 08:11:00,17.0,17.0,91,1007.0,5.0,42,0.0,Location 7,Free Practice 2
1627114329,2021-07-24 08:12:00,17.0,17.0,90,1007.0,7.0,303,0.0,Location 7,Free Practice 2
1627114389,2021-07-24 08:13:00,17.0,17.0,89,1007.0,6.0,6,0.0,Location 7,Free Practice 2
1627114449,2021-07-24 08:14:00,17.0,17.0,90,1007.0,8.0,327,0.0,Location 7,Free Practice 2
1627114509,2021-07-24 08:15:00,17.0,17.0,90,1007.0,0.0,344,0.0,Location 7,Free Practice 2
1627114569,2021-07-24 08:16:00,17.0,17.0,91,1008.0,1.0,295,0.0,Location 7,Free Practice 2
1627114629,2021-07-24 08:17:00,17.0,17.0,90,1008.0,10.0,349,0.0,Location 7,Free Practice 2
1627114689,2021-07-24 08:18:00,17.0,17.0,90,1008.0,5.0,10,0.0,Location 7,Free Practice 2
1627114749,2021-07-24 08:19:00,17.0,17.0,90,1008.0,1.0,100,0.0,Location 7,Free Practice 2
1627114809,2021-07-24 08:20:00,17.0,17.0,90,1008.0,22.0,354,0.0,Location 7,Free Practice 2
1627114869,2021-07-24 08:21:00,17.0,17.0,90,1008.0,13.0,311,0.0,Location 7,Free Practice 2
1627114929,2021-07-24 08:22:00,17.0,17.0,90,1008.0,9.0,26,0.0,Location 7,Free Practice 2
1627114989,2021-07-24 08:23:00,17.0,17.0,90,1007.0,2.0,32,0.0,Location 7,Free Practice 2
1627115049,2021-07-24 08:24:00,17.0,17.0,90,1007.0,12.0,330,0.0,Location 7,Free Practice 2
1627115109,2021-07-24 08:25:00,17.0,17.0,90,1007.0,4.0,334,0.0,Location 7,Free Practice 2
1627115169,2021-07-24 08:26:00,17.0,17.0,90,1007.0,16.0,342,0.0,Location 7,Free Practice 2
1627115229,2021-07-24 08:27:00,17.0,17.0,90,1007.0,10.0,36,0.0,Location 7,Free Practice 2
1627115289,2021-07-24 08:28:00,17.0,17.0,90,1007.0,7.0,11,0.0,Location 7,Free Practice 2
1627115349,2021-07-24 08:29:00,17.0,17.0,90,1007.0,3.0,317,0.0,Location 7,Free Practice 2
1627120813,2021-07-24 10:00:00,18.0,17.0,85,1008.0,11.0,73,0.0,Location 7,Qualifying Group 1
1627120873,2021-07-24 10:01:00,18.0,17.0,85,1008.0,6.0,40,0.0,Location 7,Qualifying Group 1
1627120933,2021-07-24 10:02:00,18.0,17.0,84,1008.0,7.0,349,0.0,Location 7,Qualifying Group 1
1627120993,2021-07-24 10:03:00,18.0,17.0,84,1008.0,7.0,35,0.0,Location 7,Qualifying Group 1
1627056042,2021-07-23 16:00:00,20.0,24.0,65,1014.0,0.0,68,0.0,Location 7,Free Practice 1
1627056102,2021-07-23 16:01:00,20.0,24.0,65,1014.0,21.0,50,0.0,Location 7,Free Practice 1
1627056162,2021-07-23 16:02:00,20.0,24.0,65,1014.0,12.0,5,0.0,Location 7,Free Practice 1
1627056222,2021-07-23 16:03:00,20.0,24.0,65,1014.0,21.0,5,0.0,Location 7,Free Practice 1
1627056282,2021-07-23 16:04:00,20.0,23.0,66,1014.0,8.0,33,0.0,Location 7,Free Practice 1
1627056342,2021-07-23 16:05:00,20.0,24.0,65,1014.0,0.0,54,0.0,Location 7,Free Practice 1
1627056402,2021-07-23 16:06:00,20.0,24.0,65,1014.0,21.0,9,0.0,Location 7,Free Practice 1
1627056462,2021-07-23 16:07:00,21.0,24.0,65,1014.0,22.0,37,0.0,Location 7,Free Practice 1
1627056522,2021-07-23 16:08:00,20.0,24.0,65,1014.0,21.0,36,0.0,Location 7,Free Practice 1
1627056583,2021-07-23 16:09:00,20.0,24.0,66,1014.0,9.0,117,0.0,Location 7,Free Practice 1
1627056642,2021-07-23 16:10:00,20.0,24.0,67,1014.0,0.0,61,0.0,Location 7,Free Practice 1
1627056702,2021-07-23 16:11:00,20.0,24.0,67,1014.0,8.0,63,0.0,Location 7,Free Practice 1
1627056763,2021-07-23 16:12:00,20.0,24.0,66,1014.0,13.0,45,0.0,Location 7,Free Practice 1
1627056823,2021-07-23 16:13:00,21.0,24.0,65,1014.0,21.0,49,0.0,Location 7,Free Practice 1
1627056883,2021-07-23 16:14:00,20.0,23.0,65,1014.0,21.0,36,0.0,Location 7,Free Practice 1
1627056943,2021-07-23 16:15:00,20.0,23.0,65,1014.0,10.0,346,0.0,Location 7,Free Practice 1
1627057003,2021-07-23 16:16:00,20.0,23.0,65,1014.0,5.0,349,0.0,Location 7,Free Practice 1
1627057063,2021-07-23 16:17:00,20.0,23.0,65,1014.0,14.0,44,0.0,Location 7,Free Practice 1
1627057123,2021-07-23 16:18:00,20.0,23.0,65,1014.0,14.0,358,0.0,Location 7,Free Practice 1
1627057183,2021-07-23 16:19:00,20.0,23.0,66,1014.0,21.0,358,0.0,Location 7,Free Practice 1
1627057243,2021-07-23 16:20:00,20.0,23.0,66,1014.0,12.0,328,0.0,Location 7,Free Practice 1
1627057303,2021-07-23 16:21:00,20.0,23.0,66,1014.0,8.0,322,0.0,Location 7,Free Practice 1
1627057363,2021-07-23 16:22:00,20.0,23.0,66,1014.0,6.0,44,0.0,Location 7,Free Practice 1
1627057423,2021-07-23 16:23:00,20.0,23.0,65,1014.0,10.0,64,0.0,Location 7,Free Practice 1
1627057483,2021-07-23 16:24:00,20.0,23.0,65,1014.0,14.0,84,0.0,Location 7,Free Practice 1
1627057543,2021-07-23 16:25:00,20.0,23.0,66,1014.0,11.0,96,0.0,Location 7,Free Practice 1
1627057603,2021-07-23 16:26:00,20.0,23.0,69,1014.0,11.0,50,0.0,Location 7,Free Practice 1
1627057663,2021-07-23 16:27:00,20.0,23.0,67,1014.0,6.0,49,0.0,Location 7,Free Practice 1
1627057723,2021-07-23 16:28:00,20.0,23.0,66,1014.0,13.0,60,0.0,Location 7,Free Practice 1
1627057783,2021-07-23 16:29:00,20.0,23.0,67,1014.0,15.0,68,0.0,Location 7,Free Practice 1
1627057843,2021-07-23 16:30:00,20.0,23.0,68,1014.0,8.0,73,0.0,Location 7,Free Practice 1
1627057903,2021-07-23 16:31:00,20.0,23.0,68,1014.0,12.0,44,0.0,Location 7,Free Practice 1
1627057963,2021-07-23 16:32:00,20.0,23.0,66,1014.0,14.0,75,0.0,Location 7,Free Practice 1
1627058023,2021-07-23 16:33:00,20.0,23.0,67,1014.0,13.0,117,0.0,Location 7,Free Practice 1
1627058083,2021-07-23 16:34:00,20.0,23.0,66,1014.0,22.0,353,0.0,Location 7,Free Practice 1
1627058143,2021-07-23 16:35:00,20.0,23.0,67,1014.0,18.0,352,0.0,Location 7,Free Practice 1
1627058203,2021-07-23 16:36:00,20.0,23.0,66,1014.0,21.0,9,0.0,Location 7,Free Practice 1
1627058263,2021-07-23 16:37:00,20.0,23.0,66,1014.0,4.0,17,0.0,Location 7,Free Practice 1
1627058323,2021-07-23 16:38:00,20.0,23.0,66,1014.0,15.0,10,0.0,Location 7,Free Practice 1
1627058383,2021-07-23 16:39:00,20.0,23.0,67,1014.0,27.0,66,0.0,Location 7,Free Practice 1
1627058443,2021-07-23 16:40:00,20.0,23.0,68,1014.0,11.0,81,0.0,Location 7,Free Practice 1
1627058503,2021-07-23 16:41:00,20.0,23.0,69,1014.0,10.0,13,0.0,Location 7,Free Practice 1
1627058563,2021-07-23 16:42:00,20.0,23.0,67,1014.0,15.0,13,0.0,Location 7,Free Practice 1
1627058623,2021-07-23 16:43:00,19.0,23.0,67,1014.0,15.0,22,0.0,Location 7,Free Practice 1
1627058683,2021-07-23 16:44:00,19.0,23.0,67,1014.0,21.0,60,0.0,Location 7,Free Practice 1
1627121293,2021-07-24 10:08:00,18.0,17.0,85,1008.0,9.0,313,0.0,Location 7,Qualifying Group 2
1627121353,2021-07-24 10:09:00,18.0,17.0,85,1008.0,1.0,353,0.0,Location 7,Qualifying Group 2
1627121413,2021-07-24 10:10:00,18.0,17.0,84,1008.0,5.0,47,0.0,Location 7,Qualifying Group 2
1627121473,2021-07-24 10:11:00,19.0,17.0,85,1008.0,2.0,321,0.0,Location 7,Qualifying Group 2
1627122913,2021-07-24 10:35:00,18.0,17.0,85,1007.0,14.0,34,0.0,Location 7,Qualifying Group 4
1627122973,2021-07-24 10:36:00,18.0,17.0,85,1007.0,9.0,337,0.0,Location 7,Qualifying Group 4
1627123033,2021-07-24 10:37:00,18.0,17.0,85,1008.0,0.0,346,0.0,Location 7,Qualifying Group 4
1627123093,2021-07-24 10:38:00,18.0,17.0,85,1007.0,8.0,34,0.0,Location 7,Qualifying Group 4
1627121773,2021-07-24 10:16:00,18.0,17.0,84,1008.0,18.0,335,0.0,Location 7,Qualifying Group 3
1627121833,2021-07-24 10:17:00,18.0,17.0,84,1008.0,2.0,36,0.0,Location 7,Qualifying Group 3
1627121893,2021-07-24 10:18:00,18.0,17.0,84,1008.0,4.0,30,0.0,Location 7,Qualifying Group 3
1627121953,2021-07-24 10:19:00,18.0,17.0,84,1008.0,9.0,77,0.0,Location 7,Qualifying Group 3
1627122013,2021-07-24 10:20:00,18.0,17.0,85,1008.0,9.0,10,0.0,Location 7,Qualifying Group 3
1627122073,2021-07-24 10:21:00,18.0,17.0,84,1008.0,8.0,313,0.0,Location 7,Qualifying Group 3
1627122133,2021-07-24 10:22:00,18.0,17.0,84,1008.0,10.0,355,0.01,Location 7,Qualifying Group 3
1627122193,2021-07-24 10:23:00,18.0,17.0,84,1008.0,5.0,356,0.0,Location 7,Qualifying Group 3
1627122253,2021-07-24 10:24:00,18.0,17.0,85,1008.0,7.0,2,0.02,Location 7,Qualifying Group 3
1627122313,2021-07-24 10:25:00,18.0,17.0,85,1008.0,5.0,357,0.0,Location 7,Qualifying Group 3
1627122373,2021-07-24 10:26:00,18.0,17.0,85,1008.0,10.0,3,0.0,Location 7,Qualifying Group 3
1627122433,2021-07-24 10:27:00,18.0,17.0,85,1008.0,10.0,340,0.0,Location 7,Qualifying Group 3
1627122493,2021-07-24 10:28:00,18.0,17.0,85,1008.0,9.0,333,0.0,Location 7,Qualifying Group 3
1627122553,2021-07-24 10:29:00,18.0,17.0,85,1008.0,8.0,340,0.0,Location 7,Qualifying Group 3
1627122613,2021-07-24 10:30:00,18.0,17.0,85,1007.0,10.0,335,0.0,Location 7,Qualifying Group 3
1627122673,2021-07-24 10:31:00,18.0,17.0,85,1007.0,7.0,26,0.0,Location 7,Qualifying Group 3
1620461765,2021-08-05 08:16:00,18.8889,21.4,72,1015.58,1.06093,159,-1.0,Location 4,Free Practice 2
1620461830,2021-08-05 08:17:00,18.7778,21.3,73,1015.58,3.1828,144,-1.0,Location 4,Free Practice 2
1620461890,2021-08-05 08:18:00,18.6667,21.3,73,1015.58,9.54841,146,-1.0,Location 4,Free Practice 2
1620461955,2021-08-05 08:19:00,18.6667,21.2,73,1015.65,3.1828,154,-1.0,Location 4,Free Practice 2
1620462020,2021-08-05 08:20:00,18.7222,21.1,73,1015.58,5.30467,144,-1.0,Location 4,Free Practice 2
1620462085,2021-08-05 08:21:00,18.7778,21.1,73,1015.58,4.24374,151,-1.0,Location 4,Free Practice 2
1620462145,2021-08-05 08:22:00,18.7778,21.0,73,1015.68,3.1828,144,-1.0,Location 4,Free Practice 2
1620462211,2021-08-05 08:23:00,18.8889,21.0,73,1015.68,4.24374,164,-1.0,Location 4,Free Practice 2
1620462276,2021-08-05 08:24:00,18.9444,21.0,73,1015.65,5.30467,163,-1.0,Location 4,Free Practice 2
1620462340,2021-08-05 08:25:00,19.0,20.9,73,1015.48,6.3656,148,-1.0,Location 4,Free Practice 2
1620462401,2021-08-05 08:26:00,19.0,20.9,73,1015.61,3.1828,152,-1.0,Location 4,Free Practice 2
1620462466,2021-08-05 08:27:00,19.1111,20.9,72,1015.58,3.1828,154,-1.0,Location 4,Free Practice 2
1620462531,2021-08-05 08:28:00,19.2222,20.9,72,1015.71,6.3656,150,-1.0,Location 4,Free Practice 2
1620462596,2021-08-05 08:29:00,19.3333,20.9,72,1015.71,2.12187,149,-1.0,Location 4,Free Practice 2
1620462656,2021-08-05 08:30:00,19.4444,20.9,71,1015.75,4.24374,145,-1.0,Location 4,Free Practice 2
1620462721,2021-08-05 08:32:00,19.5556,20.9,71,1015.71,8.48747,148,-1.0,Location 4,Free Practice 2
1620462786,2021-08-05 08:33:00,19.6667,20.9,71,1015.78,2.12187,144,-1.0,Location 4,Free Practice 2
1620462851,2021-08-05 08:34:00,19.7222,20.9,70,1015.78,5.30467,153,-1.0,Location 4,Free Practice 2
1620462912,2021-08-05 08:35:00,19.7778,21.0,70,1015.85,4.24374,160,-1.0,Location 4,Free Practice 2
1620462977,2021-08-05 08:36:00,19.7778,20.9,70,1015.82,2.12187,159,-1.0,Location 4,Free Practice 2
1620463042,2021-08-05 08:37:00,19.7222,20.9,69,1015.82,5.30467,156,-1.0,Location 4,Free Practice 2
1620463107,2021-08-05 08:38:00,19.7222,20.9,70,1015.68,0.0,156,-1.0,Location 4,Free Practice 2
1620463172,2021-08-05 08:39:00,19.7778,20.9,70,1015.71,2.12187,156,-1.0,Location 4,Free Practice 2
1620463232,2021-08-05 08:40:00,19.7778,20.9,70,1015.71,1.06093,156,-1.0,Location 4,Free Practice 2
1620463297,2021-08-05 08:41:00,19.7778,20.9,69,1015.61,1.06093,155,-1.0,Location 4,Free Practice 2
1620463362,2021-08-05 08:42:00,19.7778,20.9,68,1015.65,2.12187,157,-1.0,Location 4,Free Practice 2
1620463427,2021-08-05 08:43:00,19.7778,20.9,68,1015.65,4.24374,168,-1.0,Location 4,Free Practice 2
1620463487,2021-08-05 08:44:00,19.7222,21.0,68,1015.75,3.1828,205,-1.0,Location 4,Free Practice 2
1620468040,2021-08-05 10:00:00,20.5556,32.4,64,1016.42,1.06093,205,-1.0,Location 4,Qualifying Group 1
1620468104,2021-08-05 10:01:00,20.5,32.6,64,1016.42,1.06093,205,-1.0,Location 4,Qualifying Group 1
1620468165,2021-08-05 10:02:00,20.4444,32.6,64,1016.46,2.12187,205,-1.0,Location 4,Qualifying Group 1
1620468230,2021-08-05 10:03:00,20.4444,32.7,64,1016.46,0.0,199,-1.0,Location 4,Qualifying Group 1
1620453637,2021-08-05 06:00:00,16.6111,16.4,78,1014.33,0.0,184,-1.0,Location 4,Free Practice 1
1620453702,2021-08-05 06:01:00,16.6667,16.5,78,1014.33,0.0,184,-1.0,Location 4,Free Practice 1
1620453762,2021-08-05 06:02:00,16.7222,16.5,77,1014.33,5.30467,169,-1.0,Location 4,Free Practice 1
1620453828,2021-08-05 06:03:00,16.7778,16.5,76,1014.36,2.12187,150,-1.0,Location 4,Free Practice 1
1620453893,2021-08-05 06:04:00,16.8333,16.6,76,1014.36,1.06093,151,-1.0,Location 4,Free Practice 1
1620453957,2021-08-05 06:05:00,16.8889,16.6,75,1014.29,2.12187,161,-1.0,Location 4,Free Practice 1
1620454018,2021-08-05 06:06:00,17.0,16.7,75,1014.33,5.30467,168,-1.0,Location 4,Free Practice 1
1620454083,2021-08-05 06:08:00,17.0556,16.7,75,1014.36,3.1828,157,-1.0,Location 4,Free Practice 1
1620454158,2021-08-05 06:09:00,17.2222,16.8,74,1014.33,4.24374,150,-1.0,Location 4,Free Practice 1
1620454223,2021-08-05 06:10:00,17.2778,16.9,74,1014.36,4.24374,170,-1.0,Location 4,Free Practice 1
1620454288,2021-08-05 06:11:00,17.3889,17.0,73,1014.36,2.12187,165,-1.0,Location 4,Free Practice 1
1620454348,2021-08-05 06:12:00,17.4444,17.0,73,1014.33,5.30467,160,-1.0,Location 4,Free Practice 1
1620454414,2021-08-05 06:13:00,17.5,17.1,72,1014.22,3.1828,156,-1.0,Location 4,Free Practice 1
1620454479,2021-08-05 06:14:00,17.6111,17.3,72,1014.22,2.12187,178,-1.0,Location 4,Free Practice 1
1620454543,2021-08-05 06:15:00,17.6111,17.4,72,1014.19,3.1828,173,-1.0,Location 4,Free Practice 1
1620454604,2021-08-05 06:16:00,17.6667,17.7,72,1014.26,1.06093,171,-1.0,Location 4,Free Practice 1
1620454669,2021-08-05 06:17:00,17.6667,17.8,72,1014.22,1.06093,141,-1.0,Location 4,Free Practice 1
1620454734,2021-08-05 06:18:00,17.7222,18.0,71,1014.22,3.1828,148,-1.0,Location 4,Free Practice 1
1620454799,2021-08-05 06:19:00,17.7222,18.1,71,1014.33,1.06093,140,-1.0,Location 4,Free Practice 1
1620454859,2021-08-05 06:20:00,17.7778,18.2,71,1014.33,2.12187,142,-1.0,Location 4,Free Practice 1
1620454924,2021-08-05 06:22:00,17.7778,18.4,71,1014.36,1.06093,144,-1.0,Location 4,Free Practice 1
1620454989,2021-08-05 06:23:00,17.7778,18.6,71,1014.36,1.06093,137,-1.0,Location 4,Free Practice 1
1620455054,2021-08-05 06:24:00,17.8333,18.7,70,1014.43,0.0,148,-1.0,Location 4,Free Practice 1
1620455115,2021-08-05 06:25:00,17.8333,19.0,70,1014.49,0.0,149,-1.0,Location 4,Free Practice 1
1620455180,2021-08-05 06:26:00,17.8889,19.1,70,1014.49,0.0,149,-1.0,Location 4,Free Practice 1
1620455245,2021-08-05 06:27:00,17.9444,19.3,70,1014.49,0.0,149,-1.0,Location 4,Free Practice 1
1620455309,2021-08-05 06:28:00,17.9444,19.4,70,1014.49,0.0,149,-1.0,Location 4,Free Practice 1
1620455370,2021-08-05 06:29:00,18.0,19.5,70,1014.56,0.0,149,-1.0,Location 4,Free Practice 1
1620455435,2021-08-05 06:30:00,18.0556,19.7,70,1014.49,0.0,149,-1.0,Location 4,Free Practice 1
1620455500,2021-08-05 06:31:00,18.0556,19.8,70,1014.56,0.0,149,-1.0,Location 4,Free Practice 1
1620455565,2021-08-05 06:32:00,18.0556,20.0,70,1014.56,0.0,149,-1.0,Location 4,Free Practice 1
1620455630,2021-08-05 06:33:00,18.1111,20.0,70,1014.63,0.0,149,-1.0,Location 4,Free Practice 1
1620455690,2021-08-05 06:34:00,18.1111,20.0,70,1014.6,2.12187,178,-1.0,Location 4,Free Practice 1
1620455756,2021-08-05 06:35:00,18.1667,20.0,70,1014.63,3.1828,151,-1.0,Location 4,Free Practice 1
1620455821,2021-08-05 06:37:00,18.1667,20.0,70,1014.66,4.24374,152,-1.0,Location 4,Free Practice 1
1620455885,2021-08-05 06:38:00,18.1667,20.1,70,1014.66,1.06093,167,-1.0,Location 4,Free Practice 1
1620455946,2021-08-05 06:39:00,18.1667,20.1,70,1014.66,4.24374,180,-1.0,Location 4,Free Practice 1
1620456011,2021-08-05 06:40:00,18.1667,20.1,70,1014.73,2.12187,179,-1.0,Location 4,Free Practice 1
1620456076,2021-08-05 06:41:00,18.1667,20.2,71,1014.77,2.12187,153,-1.0,Location 4,Free Practice 1
1620456141,2021-08-05 06:42:00,18.1667,20.2,71,1014.7,6.3656,155,-1.0,Location 4,Free Practice 1
1620456201,2021-08-05 06:43:00,18.1667,20.2,71,1014.73,4.24374,159,-1.0,Location 4,Free Practice 1
1620456266,2021-08-05 06:44:00,18.1667,20.2,71,1014.7,3.1828,180,-1.0,Location 4,Free Practice 1
1620468485,2021-08-05 10:08:00,20.3889,33.2,65,1016.49,2.12187,5,-1.0,Location 4,Qualifying Group 2
1620468550,2021-08-05 10:09:00,20.3889,33.2,65,1016.59,2.12187,5,-1.0,Location 4,Qualifying Group 2
1620468615,2021-08-05 10:10:00,20.3889,33.5,65,1016.59,1.06093,5,-1.0,Location 4,Qualifying Group 2
1620468675,2021-08-05 10:11:00,20.3889,33.6,65,1016.59,1.06093,236,-1.0,Location 4,Qualifying Group 2
1620469446,2021-08-05 10:24:00,20.1667,34.8,67,1016.8,1.06093,205,-1.0,Location 4,Qualifying Group 4
1620469507,2021-08-05 10:25:00,20.0556,34.8,68,1016.8,6.3656,166,-1.0,Location 4,Qualifying Group 4
1620469587,2021-08-05 10:26:00,19.8333,35.0,68,1016.86,5.30467,171,-1.0,Location 4,Qualifying Group 4
1620469647,2021-08-05 10:27:00,19.5556,34.9,67,1016.83,5.30467,171,-1.0,Location 4,Qualifying Group 4
1620469712,2021-08-05 10:28:00,19.3333,35.0,69,1016.76,1.06093,227,-1.0,Location 4,Qualifying Group 4
1620469772,2021-08-05 10:29:00,19.1667,35.1,70,1016.86,0.0,223,-1.0,Location 4,Qualifying Group 4
1620469837,2021-08-05 10:30:00,19.1111,35.1,71,1016.86,0.0,223,-1.0,Location 4,Qualifying Group 4
1620469902,2021-08-05 10:31:00,19.1111,35.3,71,1016.86,1.06093,11,-1.0,Location 4,Qualifying Group 4
1620469968,2021-08-05 10:32:00,19.1667,35.4,71,1016.86,1.06093,12,-1.0,Location 4,Qualifying Group 4
1620470032,2021-08-05 10:33:00,19.2222,35.5,70,1016.9,1.06093,273,-1.0,Location 4,Qualifying Group 4
1620470093,2021-08-05 10:34:00,19.2222,35.6,70,1016.86,1.06093,273,-1.0,Location 4,Qualifying Group 4
1620470158,2021-08-05 10:35:00,19.2222,35.7,70,1016.9,0.0,273,-1.0,Location 4,Qualifying Group 4
1620468996,2021-08-05 10:16:00,20.5556,34.1,65,1016.63,0.0,76,-1.0,Location 4,Qualifying Group 3
1620469061,2021-08-05 10:17:00,20.6111,34.2,65,1016.73,0.0,76,-1.0,Location 4,Qualifying Group 3
1620469126,2021-08-05 10:18:00,20.6111,34.4,65,1016.73,0.0,81,-1.0,Location 4,Qualifying Group 3
1620469191,2021-08-05 10:19:00,20.6667,34.5,66,1016.83,4.24374,143,-1.0,Location 4,Qualifying Group 3
1624115747,2021-06-19 15:15:00,1.0,30.0,80,7.0,2.0,242,-1.0,Location 5,Free Practice 2
1624115807,2021-06-19 15:16:00,1.0,30.0,79,7.0,1.0,171,-1.0,Location 5,Free Practice 2
1624115872,2021-06-19 15:17:00,1.0,30.0,79,7.0,31.0,38,-1.0,Location 5,Free Practice 2
1624115938,2021-06-19 15:18:00,1.0,30.0,79,7.0,2.0,190,-1.0,Location 5,Free Practice 2
1624116002,2021-06-19 15:20:00,1.0,31.0,79,7.0,4.0,100,-1.0,Location 5,Free Practice 2
1624116063,2021-06-19 15:21:00,1.0,31.0,78,7.0,31.0,250,-1.0,Location 5,Free Practice 2
1624116128,2021-06-19 15:22:00,1.0,31.0,78,7.0,1.0,248,-1.0,Location 5,Free Practice 2
1624116193,2021-06-19 15:23:00,1.0,31.0,77,7.0,5.0,229,-1.0,Location 5,Free Practice 2
1624116258,2021-06-19 15:24:00,1.0,32.0,76,7.0,1.0,213,-1.0,Location 5,Free Practice 2
1624116318,2021-06-19 15:25:00,1.0,32.0,77,7.0,4.0,237,-1.0,Location 5,Free Practice 2
1624116383,2021-06-19 15:26:00,1.0,32.0,78,7.0,2.0,321,-1.0,Location 5,Free Practice 2
1624116448,2021-06-19 15:27:00,18.0,32.0,78,7.0,2.0,314,-1.0,Location 5,Free Practice 2
1624116514,2021-06-19 15:28:00,1.0,33.0,77,7.0,4.0,267,-1.0,Location 5,Free Practice 2
1624116578,2021-06-19 15:29:00,1.0,33.0,78,7.0,4.0,236,-1.0,Location 5,Free Practice 2
1624116639,2021-06-19 15:30:00,1.0,33.0,77,775.0,31.0,134,-1.0,Location 5,Free Practice 2
1624116704,2021-06-19 15:31:00,1.0,33.0,76,7.0,2.0,132,-1.0,Location 5,Free Practice 2
1624116769,2021-06-19 15:32:00,1.0,33.0,76,7.0,2.0,186,-1.0,Location 5,Free Practice 2
1624116834,2021-06-19 15:33:00,1.0,34.0,76,7.0,2.0,83,-1.0,Location 5,Free Practice 2
1624116894,2021-06-19 15:34:00,1.0,34.0,76,7.0,2.0,116,-1.0,Location 5,Free Practice 2
1624116959,2021-06-19 15:35:00,1.0,33.0,76,7.0,2.0,122,-1.0,Location 5,Free Practice 2
1624117024,2021-06-19 15:37:00,1.0,33.0,76,7.0,5.0,236,-1.0,Location 5,Free Practice 2
1624117089,2021-06-19 15:38:00,1.0,32.0,77,7.0,2.0,196,-1.0,Location 5,Free Practice 2
1624117149,2021-06-19 15:39:00,1.0,32.0,77,7.0,1.0,88,-1.0,Location 5,Free Practice 2
1624117215,2021-06-19 15:40:00,1.0,32.0,77,7.0,0.0,82,-1.0,Location 5,Free Practice 2
1624117280,2021-06-19 15:41:00,1.0,32.0,77,7.0,31.0,244,-1.0,Location 5,Free Practice 2
1624117344,2021-06-19 15:42:00,1.0,32.0,77,7.0,1.0,227,-1.0,Location 5,Free Practice 2
1624117405,2021-06-19 15:43:00,1.0,32.0,77,7.0,2.0,232,-1.0,Location 5,Free Practice 2
1624117470,2021-06-19 15:44:00,1.0,31.0,78,7.0,31.0,157,-1.0,Location 5,Free Practice 2
1624122017,2021-06-19 17:00:00,1.0,39.0,72,7.0,5.0,232,-1.0,Location 5,Qualifying Group 1
1624122077,2021-06-19 17:01:00,1.0,39.0,72,7.0,5.0,209,-1.0,Location 5,Qualifying Group 1
1624122142,2021-06-19 17:02:00,1.0,39.0,72,7.0,1.0,175,-1.0,Location 5,Qualifying Group 1
1624122207,2021-06-19 17:03:00,1.0,39.0,72,7.0,1.0,175,-1.0,Location 5,Qualifying Group 1
1624107619,2021-06-19 13:00:00,1.0,16.0,95,7.0,0.0,97,-1.0,Location 5,Free Practice 1
1624107680,2021-06-19 13:01:00,1.0,16.0,95,7.0,0.0,95,-1.0,Location 5,Free Practice 1
1624107745,2021-06-19 13:02:00,1.0,16.0,95,7.0,0.0,91,-1.0,Location 5,Free Practice 1
1624107810,2021-06-19 13:03:00,1.0,16.0,95,7.0,0.0,91,-1.0,Location 5,Free Practice 1
1624107875,2021-06-19 13:04:00,1.0,16.0,95,7.0,0.0,82,-1.0,Location 5,Free Practice 1
1624107935,2021-06-19 13:05:00,1.0,16.0,94,7.0,0.0,82,-1.0,Location 5,Free Practice 1
1624108000,2021-06-19 13:06:00,1.0,16.0,94,7.0,0.0,82,-1.0,Location 5,Free Practice 1
1624108065,2021-06-19 13:07:00,14.0,16.0,94,774.0,0.0,82,-1.0,Location 5,Free Practice 1
1624108131,2021-06-19 13:08:00,1.0,16.0,94,774.0,0.0,82,-1.0,Location 5,Free Practice 1
1624108195,2021-06-19 13:09:00,1.0,16.0,94,7.0,0.0,82,-1.0,Location 5,Free Practice 1
1624108256,2021-06-19 13:10:00,1.0,16.0,94,774.0,0.0,82,-1.0,Location 5,Free Practice 1
1624108321,2021-06-19 13:12:00,1.0,16.0,94,7.0,0.0,79,-1.0,Location 5,Free Practice 1
1624108386,2021-06-19 13:13:00,1.0,16.0,94,774.0,0.0,79,-1.0,Location 5,Free Practice 1
1624108451,2021-06-19 13:14:00,1.0,16.0,94,7.0,0.0,79,-1.0,Location 5,Free Practice 1
1624108511,2021-06-19 13:15:00,1.0,16.0,94,7.0,0.0,79,-1.0,Location 5,Free Practice 1
1624108576,2021-06-19 13:16:00,1.0,16.0,94,7.0,0.0,79,-1.0,Location 5,Free Practice 1
1624108641,2021-06-19 13:17:00,1.0,16.0,93,7.0,0.0,79,-1.0,Location 5,Free Practice 1
1624108706,2021-06-19 13:18:00,1.0,17.0,93,774.0,31.0,79,-1.0,Location 5,Free Practice 1
1624108766,2021-06-19 13:19:00,1.0,17.0,93,774.0,31.0,79,-1.0,Location 5,Free Practice 1
1624108832,2021-06-19 13:20:00,1.0,17.0,93,7.0,1.0,79,-1.0,Location 5,Free Practice 1
1624108897,2021-06-19 13:21:00,1.0,17.0,93,7.0,31.0,76,-1.0,Location 5,Free Practice 1
1624108961,2021-06-19 13:22:00,1.0,17.0,93,7.0,31.0,76,-1.0,Location 5,Free Practice 1
1624109022,2021-06-19 13:23:00,1.0,17.0,93,7.0,2.0,76,-1.0,Location 5,Free Practice 1
1624109087,2021-06-19 13:24:00,1.0,17.0,93,7.0,2.0,62,-1.0,Location 5,Free Practice 1
1624109152,2021-06-19 13:25:00,1.0,17.0,92,7.0,1.0,62,-1.0,Location 5,Free Practice 1
1624109217,2021-06-19 13:26:00,1.0,17.0,92,7.0,0.0,62,-1.0,Location 5,Free Practice 1
1624109277,2021-06-19 13:27:00,1.0,17.0,92,7.0,1.0,62,-1.0,Location 5,Free Practice 1
1624109342,2021-06-19 13:29:00,1.0,17.0,92,7.0,2.0,62,-1.0,Location 5,Free Practice 1
1624109408,2021-06-19 13:30:00,14.0,17.0,92,7.0,0.0,62,-1.0,Location 5,Free Practice 1
1624109473,2021-06-19 13:31:00,14.0,17.0,92,7.0,1.0,62,-1.0,Location 5,Free Practice 1
1624109537,2021-06-19 13:32:00,1.0,17.0,92,7.0,0.0,62,-1.0,Location 5,Free Practice 1
1624109598,2021-06-19 13:33:00,1.0,17.0,92,7.0,2.0,62,-1.0,Location 5,Free Practice 1
1624109663,2021-06-19 13:34:00,1.0,17.0,92,7.0,2.0,62,-1.0,Location 5,Free Practice 1
1624109728,2021-06-19 13:35:00,1.0,17.0,91,7.0,0.0,62,-1.0,Location 5,Free Practice 1
1624109793,2021-06-19 13:36:00,1.0,17.0,91,7.0,0.0,62,-1.0,Location 5,Free Practice 1
1624109853,2021-06-19 13:37:00,1.0,17.0,91,7.0,0.0,62,-1.0,Location 5,Free Practice 1
1624109918,2021-06-19 13:38:00,1.0,18.0,91,7.0,0.0,62,-1.0,Location 5,Free Practice 1
1624109983,2021-06-19 13:39:00,1.0,18.0,91,7.0,0.0,62,-1.0,Location 5,Free Practice 1
1624110048,2021-06-19 13:40:00,1.0,18.0,91,7.0,1.0,62,-1.0,Location 5,Free Practice 1
1624110109,2021-06-19 13:41:00,1.0,18.0,91,7.0,0.0,62,-1.0,Location 5,Free Practice 1
1624110174,2021-06-19 13:42:00,1.0,17.0,92,7.0,0.0,62,-1.0,Location 5,Free Practice 1
1624110239,2021-06-19 13:43:00,1.0,17.0,91,7.0,0.0,62,-1.0,Location 5,Free Practice 1
1624110303,2021-06-19 13:45:00,1.0,17.0,91,7.0,0.0,62,-1.0,Location 5,Free Practice 1
1624110374,2021-06-19 13:46:00,1.0,17.0,91,7.0,0.0,62,-1.0,Location 5,Free Practice 1
1624110439,2021-06-19 13:47:00,1.0,17.0,91,7.0,0.0,62,-1.0,Location 5,Free Practice 1
1624110504,2021-06-19 13:48:00,1.0,17.0,91,7.0,2.0,62,-1.0,Location 5,Free Practice 1
1624110569,2021-06-19 13:49:00,1.0,17.0,91,7.0,2.0,62,-1.0,Location 5,Free Practice 1
1624110634,2021-06-19 13:50:00,15.0,17.0,90,7.0,1.0,62,-1.0,Location 5,Free Practice 1
1624110694,2021-06-19 13:51:00,15.0,17.0,91,7.0,31.0,110,-1.0,Location 5,Free Practice 1
1624110760,2021-06-19 13:52:00,1.0,17.0,90,7.0,1.0,102,-1.0,Location 5,Free Practice 1
1624110825,2021-06-19 13:53:00,1.0,17.0,91,7.0,4.0,92,-1.0,Location 5,Free Practice 1
1624110889,2021-06-19 13:54:00,1.0,17.0,90,7.0,2.0,79,-1.0,Location 5,Free Practice 1
1624110950,2021-06-19 13:55:00,1.0,17.0,90,7.0,1.0,89,-1.0,Location 5,Free Practice 1
1624111015,2021-06-19 13:56:00,1.0,17.0,90,7.0,31.0,96,-1.0,Location 5,Free Practice 1
1624111080,2021-06-19 13:58:00,1.0,17.0,90,7.0,31.0,86,-1.0,Location 5,Free Practice 1
1624111145,2021-06-19 13:59:00,1.0,17.0,89,775.0,2.0,107,-1.0,Location 5,Free Practice 1
1624122532,2021-06-19 17:08:00,1.0,38.0,72,7.0,5.0,211,-1.0,Location 5,Qualifying Group 2
1624122593,2021-06-19 17:09:00,1.0,38.0,72,7.0,31.0,246,-1.0,Location 5,Qualifying Group 2
1624122658,2021-06-19 17:10:00,1.0,38.0,72,7.0,5.0,237,-1.0,Location 5,Qualifying Group 2
1624123504,2021-06-19 17:25:00,20.0,42.0,71,7.0,31.0,190,-1.0,Location 5,Qualifying Group 4
1624123564,2021-06-19 17:26:00,2.0,43.0,72,7.0,7.0,273,-1.0,Location 5,Qualifying Group 4
1624123630,2021-06-19 17:27:00,2.0,44.0,72,7.0,63.0,206,-1.0,Location 5,Qualifying Group 4
1624122978,2021-06-19 17:16:00,1.0,39.0,73,7.0,63.0,230,-1.0,Location 5,Qualifying Group 3
1624123043,2021-06-19 17:17:00,1.0,39.0,72,7.0,4.0,223,-1.0,Location 5,Qualifying Group 3
1624123104,2021-06-19 17:18:00,1.0,40.0,72,7.0,4.0,233,-1.0,Location 5,Qualifying Group 3
1624123169,2021-06-19 17:19:00,1.0,40.0,73,7.0,5.0,205,-1.0,Location 5,Qualifying Group 3
1619248532,2021-04-24 07:15:00,13.3889,14.5,81,998.612,1.06093,61,-1.0,Location 3,Free Practice 2
1619248592,2021-04-24 07:16:00,13.3889,14.5,81,998.612,1.06093,61,-1.0,Location 3,Free Practice 2
1619248657,2021-04-24 07:17:00,13.4444,14.5,81,998.578,0.0,61,-1.0,Location 3,Free Practice 2
1619248722,2021-04-24 07:18:00,13.4444,14.5,81,998.544,0.0,46,-1.0,Location 3,Free Practice 2
1619248787,2021-04-24 07:19:00,13.4444,14.5,81,998.578,1.06093,319,-1.0,Location 3,Free Practice 2
1619248847,2021-04-24 07:20:00,13.4444,14.6,81,998.578,2.12187,319,-1.0,Location 3,Free Practice 2
1619248913,2021-04-24 07:21:00,13.5,14.6,81,998.443,1.06093,319,-1.0,Location 3,Free Practice 2
1619248978,2021-04-24 07:22:00,13.5,14.6,81,998.511,2.12187,298,-1.0,Location 3,Free Practice 2
1619249042,2021-04-24 07:24:00,13.5,14.6,81,998.544,2.12187,298,-1.0,Location 3,Free Practice 2
1619249103,2021-04-24 07:25:00,13.5556,14.7,81,998.511,0.0,298,-1.0,Location 3,Free Practice 2
1619249168,2021-04-24 07:26:00,13.5556,14.7,80,998.511,1.06093,298,-1.0,Location 3,Free Practice 2
1619249233,2021-04-24 07:27:00,13.6111,14.7,80,998.544,0.0,298,-1.0,Location 3,Free Practice 2
1619249298,2021-04-24 07:28:00,13.6111,14.7,80,998.612,0.0,298,-1.0,Location 3,Free Practice 2
1619249358,2021-04-24 07:29:00,13.6111,14.8,80,998.612,0.0,336,-1.0,Location 3,Free Practice 2
1619249423,2021-04-24 07:30:00,13.6111,14.8,80,998.578,0.0,336,-1.0,Location 3,Free Practice 2
1619249489,2021-04-24 07:31:00,13.6667,14.8,80,998.544,1.06093,336,-1.0,Location 3,Free Practice 2
1619249554,2021-04-24 07:32:00,13.6667,14.8,81,998.578,0.0,336,-1.0,Location 3,Free Practice 2
1619249618,2021-04-24 07:33:00,13.6667,14.8,81,998.544,2.12187,336,-1.0,Location 3,Free Practice 2
1619249679,2021-04-24 07:34:00,13.6667,14.8,80,998.511,1.06093,336,-1.0,Location 3,Free Practice 2
1619249744,2021-04-24 07:35:00,13.6667,14.9,80,998.544,1.06093,340,-1.0,Location 3,Free Practice 2
1619249809,2021-04-24 07:36:00,13.7222,14.9,80,998.409,2.12187,16,-1.0,Location 3,Free Practice 2
1619249874,2021-04-24 07:37:00,13.6667,14.9,80,998.443,1.06093,19,-1.0,Location 3,Free Practice 2
1619249935,2021-04-24 07:38:00,13.6667,15.0,80,998.409,2.12187,19,-1.0,Location 3,Free Practice 2
1619249999,2021-04-24 07:39:00,13.6667,15.0,80,998.443,1.06093,20,-1.0,Location 3,Free Practice 2
1619250064,2021-04-24 07:41:00,13.6667,15.1,80,998.409,2.12187,39,-1.0,Location 3,Free Practice 2
1619250129,2021-04-24 07:42:00,13.6667,15.1,80,998.375,1.06093,39,-1.0,Location 3,Free Practice 2
1619250190,2021-04-24 07:43:00,13.6667,15.1,80,998.443,0.0,44,-1.0,Location 3,Free Practice 2
1619250255,2021-04-24 07:44:00,13.6667,15.2,80,998.375,2.12187,5,-1.0,Location 3,Free Practice 2
1619254802,2021-04-24 09:00:00,14.4444,15.5,79,998.172,0.0,28,-1.0,Location 3,Qualifying Group 1
1619254867,2021-04-24 09:01:00,14.3889,15.5,79,998.07,0.0,28,-1.0,Location 3,Qualifying Group 1
1619254932,2021-04-24 09:02:00,14.3889,15.5,79,998.138,0.0,28,-1.0,Location 3,Qualifying Group 1
1619254997,2021-04-24 09:03:00,14.3889,15.5,79,998.104,0.0,28,-1.0,Location 3,Qualifying Group 1
1619241616,2021-04-24 05:20:00,12.7222,14.2,86,997.563,0.0,34,-1.0,Location 3,Free Practice 1
1619241682,2021-04-24 05:21:00,12.7222,14.2,86,997.664,0.0,34,-1.0,Location 3,Free Practice 1
1619241746,2021-04-24 05:22:00,12.7222,14.2,86,997.63,0.0,34,-1.0,Location 3,Free Practice 1
1619241807,2021-04-24 05:23:00,12.7222,14.2,86,997.698,2.12187,26,-1.0,Location 3,Free Practice 1
1619241872,2021-04-24 05:24:00,12.7778,14.2,86,997.664,1.06093,26,-1.0,Location 3,Free Practice 1
1619241937,2021-04-24 05:25:00,12.7778,14.2,86,997.732,0.0,19,-1.0,Location 3,Free Practice 1
1619242002,2021-04-24 05:26:00,12.7778,14.2,86,997.732,0.0,5,-1.0,Location 3,Free Practice 1
1619242062,2021-04-24 05:27:00,12.7778,14.2,86,997.833,0.0,5,-1.0,Location 3,Free Practice 1
1619242127,2021-04-24 05:28:00,12.8333,14.2,86,997.867,1.06093,5,-1.0,Location 3,Free Practice 1
1619242192,2021-04-24 05:29:00,12.8333,14.2,86,997.833,0.0,5,-1.0,Location 3,Free Practice 1
1619242257,2021-04-24 05:30:00,12.8333,14.2,86,997.901,1.06093,5,-1.0,Location 3,Free Practice 1
1619242317,2021-04-24 05:31:00,12.8889,14.2,86,997.935,0.0,5,-1.0,Location 3,Free Practice 1
1619242383,2021-04-24 05:33:00,12.8889,14.2,86,998.003,2.12187,5,-1.0,Location 3,Free Practice 1
1619242448,2021-04-24 05:34:00,12.9444,14.2,86,998.037,0.0,5,-1.0,Location 3,Free Practice 1
1619242512,2021-04-24 05:35:00,12.9444,14.2,86,998.003,1.06093,355,-1.0,Location 3,Free Practice 1
1619242573,2021-04-24 05:36:00,12.9444,14.2,85,998.138,0.0,355,-1.0,Location 3,Free Practice 1
1619242638,2021-04-24 05:37:00,12.9444,14.2,85,998.037,0.0,355,-1.0,Location 3,Free Practice 1
1619242703,2021-04-24 05:38:00,13.0,14.2,85,998.07,1.06093,355,-1.0,Location 3,Free Practice 1
1619242768,2021-04-24 05:39:00,13.0,14.2,85,998.037,1.06093,355,-1.0,Location 3,Free Practice 1
1619242833,2021-04-24 05:40:00,13.0,14.2,85,998.172,1.06093,355,-1.0,Location 3,Free Practice 1
1619242893,2021-04-24 05:41:00,13.0,14.2,85,998.07,0.0,355,-1.0,Location 3,Free Practice 1
1619242958,2021-04-24 05:42:00,13.0,14.2,84,998.172,0.0,355,-1.0,Location 3,Free Practice 1
1619243024,2021-04-24 05:43:00,13.0,14.2,84,998.138,0.0,355,-1.0,Location 3,Free Practice 1
1619243088,2021-04-24 05:44:00,13.0,14.2,84,998.104,0.0,355,-1.0,Location 3,Free Practice 1
1619243149,2021-04-24 05:45:00,13.0,14.2,84,998.037,0.0,355,-1.0,Location 3,Free Practice 1
1619243214,2021-04-24 05:46:00,13.0,14.2,84,998.104,1.06093,355,-1.0,Location 3,Free Practice 1
1619243279,2021-04-24 05:47:00,13.0,14.2,84,998.104,1.06093,9,-1.0,Location 3,Free Practice 1
1619243344,2021-04-24 05:49:00,13.0,14.3,83,998.104,0.0,5,-1.0,Location 3,Free Practice 1
1619243404,2021-04-24 05:50:00,13.0556,14.3,83,998.104,2.12187,34,-1.0,Location 3,Free Practice 1
1619243469,2021-04-24 05:51:00,13.0556,14.2,83,998.138,0.0,34,-1.0,Location 3,Free Practice 1
1619243534,2021-04-24 05:52:00,13.0556,14.3,82,998.104,1.06093,347,-1.0,Location 3,Free Practice 1
1619243599,2021-04-24 05:53:00,13.0556,14.2,82,998.104,1.06093,347,-1.0,Location 3,Free Practice 1
1619243659,2021-04-24 05:54:00,13.0556,14.3,82,998.104,1.06093,48,-1.0,Location 3,Free Practice 1
1619243725,2021-04-24 05:55:00,13.1111,14.3,83,998.104,1.06093,41,-1.0,Location 3,Free Practice 1
1619243790,2021-04-24 05:56:00,13.1111,14.3,82,998.172,1.06093,41,-1.0,Location 3,Free Practice 1
1619243855,2021-04-24 05:57:00,13.1111,14.3,82,998.172,1.06093,41,-1.0,Location 3,Free Practice 1
1619243930,2021-04-24 05:58:00,13.1111,14.3,82,998.24,0.0,41,-1.0,Location 3,Free Practice 1
1619243990,2021-04-24 05:59:00,13.1111,14.3,82,998.24,1.06093,41,-1.0,Location 3,Free Practice 1
1619244055,2021-04-24 06:00:00,13.1111,14.3,82,998.274,1.06093,41,-1.0,Location 3,Free Practice 1
1619244120,2021-04-24 06:02:00,13.1667,14.3,82,998.307,3.1828,31,-1.0,Location 3,Free Practice 1
1619244185,2021-04-24 06:03:00,13.1667,14.3,82,998.409,1.06093,355,-1.0,Location 3,Free Practice 1
1619244245,2021-04-24 06:04:00,13.1667,14.3,82,998.443,2.12187,337,-1.0,Location 3,Free Practice 1
1619255317,2021-04-24 09:08:00,14.3889,15.5,79,998.138,2.12187,28,-1.0,Location 3,Qualifying Group 2
1619255388,2021-04-24 09:09:00,14.3889,15.5,79,998.104,1.06093,28,-1.0,Location 3,Qualifying Group 2
1619255453,2021-04-24 09:10:00,14.3889,15.4,79,998.138,2.12187,30,-1.0,Location 3,Qualifying Group 2
1619255518,2021-04-24 09:11:00,14.3889,15.4,79,998.138,1.06093,30,-1.0,Location 3,Qualifying Group 2
1619256284,2021-04-24 09:24:00,14.5556,15.5,78,998.138,3.1828,31,-1.0,Location 3,Qualifying Group 4
1619256349,2021-04-24 09:25:00,14.5556,15.5,78,998.206,3.1828,62,-1.0,Location 3,Qualifying Group 4
1619256414,2021-04-24 09:26:00,14.5556,15.5,78,998.172,1.06093,62,-1.0,Location 3,Qualifying Group 4
1619256474,2021-04-24 09:27:00,14.5556,15.5,78,998.172,1.06093,54,-1.0,Location 3,Qualifying Group 4
1619255773,2021-04-24 09:16:00,14.3889,15.5,80,998.24,0.0,30,-1.0,Location 3,Qualifying Group 3
1619255838,2021-04-24 09:17:00,14.4444,15.5,80,998.24,0.0,30,-1.0,Location 3,Qualifying Group 3
1619255903,2021-04-24 09:18:00,14.4444,15.5,80,998.206,0.0,30,-1.0,Location 3,Qualifying Group 3
1619255963,2021-04-24 09:19:00,14.4444,15.5,80,998.274,0.0,30,-1.0,Location 3,Qualifying Group 3
1614337244,2021-02-26 11:00:00,20.6667,34.4,34,937.386,4.24374,315,-1.0,Location 1,Free Practice 2
1614337309,2021-02-26 11:01:00,20.6667,34.4,33,937.352,1.06093,310,-1.0,Location 1,Free Practice 2
1614337374,2021-02-26 11:02:00,20.6667,34.6,33,937.285,1.06093,293,-1.0,Location 1,Free Practice 2
1614337439,2021-02-26 11:03:00,20.7222,34.7,34,937.285,6.3656,283,-1.0,Location 1,Free Practice 2
1614337499,2021-02-26 11:04:00,20.7222,34.7,34,937.352,9.54841,309,-1.0,Location 1,Free Practice 2
1614337564,2021-02-26 11:06:00,20.7778,34.5,34,937.319,3.1828,267,-1.0,Location 1,Free Practice 2
1614337629,2021-02-26 11:07:00,20.8333,33.8,34,937.285,3.1828,298,-1.0,Location 1,Free Practice 2
1614337694,2021-02-26 11:08:00,20.8889,33.5,34,937.251,4.24374,322,-1.0,Location 1,Free Practice 2
1614337754,2021-02-26 11:09:00,20.9444,33.5,34,937.251,5.30467,252,-1.0,Location 1,Free Practice 2
1614337819,2021-02-26 11:10:00,21.0,33.7,34,937.217,3.1828,311,-1.0,Location 1,Free Practice 2
1614337885,2021-02-26 11:11:00,21.0556,33.9,34,937.183,3.1828,325,-1.0,Location 1,Free Practice 2
1614337949,2021-02-26 11:12:00,21.0556,34.0,34,937.217,3.1828,282,-1.0,Location 1,Free Practice 2
1614338010,2021-02-26 11:13:00,20.9444,33.9,34,937.183,3.1828,287,-1.0,Location 1,Free Practice 2
1614338075,2021-02-26 11:14:00,20.8333,33.9,34,937.183,4.24374,277,-1.0,Location 1,Free Practice 2
1614338140,2021-02-26 11:15:00,20.7778,34.0,35,937.183,5.30467,311,-1.0,Location 1,Free Practice 2
1614338205,2021-02-26 11:16:00,20.7778,34.0,35,937.251,4.24374,271,-1.0,Location 1,Free Practice 2
1614338265,2021-02-26 11:17:00,20.7222,34.0,35,937.285,1.06093,274,-1.0,Location 1,Free Practice 2
1614338330,2021-02-26 11:18:00,20.7778,34.0,35,937.251,5.30467,302,-1.0,Location 1,Free Practice 2
1614338395,2021-02-26 11:19:00,20.7778,34.0,35,937.285,5.30467,288,-1.0,Location 1,Free Practice 2
1614338460,2021-02-26 11:21:00,20.7778,34.0,34,937.285,2.12187,259,-1.0,Location 1,Free Practice 2
1614338520,2021-02-26 11:22:00,20.7778,34.0,35,937.251,3.1828,288,-1.0,Location 1,Free Practice 2
1614338586,2021-02-26 11:23:00,20.8333,34.2,35,937.115,5.30467,333,-1.0,Location 1,Free Practice 2
1614338651,2021-02-26 11:24:00,20.8333,34.2,35,937.183,2.12187,281,-1.0,Location 1,Free Practice 2
1614338716,2021-02-26 11:25:00,20.8889,34.3,35,937.149,2.12187,323,-1.0,Location 1,Free Practice 2
1614338781,2021-02-26 11:26:00,20.9444,34.1,35,937.183,2.12187,306,-1.0,Location 1,Free Practice 2
1614338841,2021-02-26 11:27:00,21.0,34.1,35,937.183,1.06093,281,-1.0,Location 1,Free Practice 2
1614338906,2021-02-26 11:28:00,21.0556,33.4,34,937.183,3.1828,281,-1.0,Location 1,Free Practice 2
1614338971,2021-02-26 11:29:00,21.1111,33.3,34,937.149,1.06093,285,-1.0,Location 1,Free Practice 2
1614344404,2021-02-26 13:00:00,21.6667,28.5,33,937.285,4.24374,332,-1.0,Location 1,Qualifying Group 1
1614344465,2021-02-26 13:01:00,21.7222,28.4,33,937.285,2.12187,317,-1.0,Location 1,Qualifying Group 1
1614344530,2021-02-26 13:02:00,21.7222,28.2,33,937.285,3.1828,317,-1.0,Location 1,Qualifying Group 1
1614344595,2021-02-26 13:03:00,21.7778,28.1,33,937.251,4.24374,334,-1.0,Location 1,Qualifying Group 1
1614266119,2021-02-25 15:15:00,17.8333,20.2,45,936.845,8.48747,318,-1.0,Location 1,Free Practice 1
1614266180,2021-02-25 15:16:00,17.7778,20.2,45,936.777,5.30467,314,-1.0,Location 1,Free Practice 1
1614266244,2021-02-25 15:17:00,17.7778,20.1,45,936.709,2.12187,330,-1.0,Location 1,Free Practice 1
1614266310,2021-02-25 15:18:00,17.7778,20.1,45,936.777,6.3656,315,-1.0,Location 1,Free Practice 1
1614266375,2021-02-25 15:19:00,17.7222,20.0,45,936.811,5.30467,313,-1.0,Location 1,Free Practice 1
1614266440,2021-02-25 15:20:00,17.7222,20.0,45,936.845,3.1828,298,-1.0,Location 1,Free Practice 1
1614266505,2021-02-25 15:21:00,17.7222,20.0,45,936.845,3.1828,297,-1.0,Location 1,Free Practice 1
1614266569,2021-02-25 15:22:00,17.7222,20.0,45,936.845,6.3656,284,-1.0,Location 1,Free Practice 1
1614266630,2021-02-25 15:23:00,17.7222,20.0,45,936.845,6.3656,319,-1.0,Location 1,Free Practice 1
1614266695,2021-02-25 15:24:00,17.6667,19.9,45,936.845,3.1828,281,-1.0,Location 1,Free Practice 1
1614266760,2021-02-25 15:26:00,17.6667,19.8,45,936.777,7.42654,300,-1.0,Location 1,Free Practice 1
1614266825,2021-02-25 15:27:00,17.6667,19.8,45,936.811,9.54841,275,-1.0,Location 1,Free Practice 1
1614266885,2021-02-25 15:28:00,17.6667,19.8,45,936.743,5.30467,307,-1.0,Location 1,Free Practice 1
1614266950,2021-02-25 15:29:00,17.6667,19.8,45,936.878,2.12187,296,-1.0,Location 1,Free Practice 1
1614267011,2021-02-25 15:30:00,17.6667,19.7,45,936.878,5.30467,321,-1.0,Location 1,Free Practice 1
1614267076,2021-02-25 15:31:00,17.6111,19.7,45,936.912,3.1828,344,-1.0,Location 1,Free Practice 1
1614267141,2021-02-25 15:32:00,17.6111,19.6,45,936.878,6.3656,347,-1.0,Location 1,Free Practice 1
1614267206,2021-02-25 15:33:00,17.6111,19.6,45,936.912,4.24374,329,-1.0,Location 1,Free Practice 1
1614267271,2021-02-25 15:34:00,17.5556,19.6,45,936.912,3.1828,319,-1.0,Location 1,Free Practice 1
1614267336,2021-02-25 15:35:00,17.5556,19.6,45,936.912,4.24374,294,-1.0,Location 1,Free Practice 1
1614267401,2021-02-25 15:36:00,17.5556,19.6,45,937.014,8.48747,320,-1.0,Location 1,Free Practice 1
1614267461,2021-02-25 15:37:00,17.5556,19.5,45,937.014,3.1828,287,-1.0,Location 1,Free Practice 1
1614267526,2021-02-25 15:38:00,17.5556,19.5,45,937.048,4.24374,350,-1.0,Location 1,Free Practice 1
1614267592,2021-02-25 15:39:00,17.5,19.5,45,937.014,5.30467,243,-1.0,Location 1,Free Practice 1
1614267656,2021-02-25 15:40:00,17.5,19.5,45,936.912,3.1828,317,-1.0,Location 1,Free Practice 1
1614267717,2021-02-25 15:41:00,17.5,19.5,45,936.98,10.6093,267,-1.0,Location 1,Free Practice 1
1614267782,2021-02-25 15:43:00,17.4444,19.4,45,936.946,5.30467,326,-1.0,Location 1,Free Practice 1
1614267847,2021-02-25 15:44:00,17.4444,19.4,45,936.98,2.12187,295,-1.0,Location 1,Free Practice 1
1614267912,2021-02-25 15:45:00,17.4444,19.4,45,937.048,4.24374,342,-1.0,Location 1,Free Practice 1
1614267972,2021-02-25 15:46:00,17.4444,19.3,45,937.048,1.06093,310,-1.0,Location 1,Free Practice 1
1614268037,2021-02-25 15:47:00,17.3889,19.3,45,937.149,5.30467,328,-1.0,Location 1,Free Practice 1
1614268102,2021-02-25 15:48:00,17.3889,19.3,45,937.183,8.48747,282,-1.0,Location 1,Free Practice 1
1614268167,2021-02-25 15:49:00,17.3889,19.2,45,937.217,4.24374,314,-1.0,Location 1,Free Practice 1
1614268232,2021-02-25 15:50:00,17.3889,19.2,45,937.319,3.1828,326,-1.0,Location 1,Free Practice 1
1614268293,2021-02-25 15:51:00,17.3333,19.2,45,937.386,6.3656,314,-1.0,Location 1,Free Practice 1
1614268358,2021-02-25 15:52:00,17.3333,19.1,45,937.319,2.12187,298,-1.0,Location 1,Free Practice 1
1614268423,2021-02-25 15:53:00,17.3333,19.1,45,937.42,2.12187,297,-1.0,Location 1,Free Practice 1
1614268487,2021-02-25 15:54:00,17.2778,19.1,45,937.454,4.24374,312,-1.0,Location 1,Free Practice 1
1614268548,2021-02-25 15:55:00,17.2778,19.1,45,937.454,4.24374,300,-1.0,Location 1,Free Practice 1
1614268613,2021-02-25 15:56:00,17.2778,19.0,45,937.42,1.06093,295,-1.0,Location 1,Free Practice 1
1614268678,2021-02-25 15:57:00,17.2778,19.0,45,937.454,4.24374,263,-1.0,Location 1,Free Practice 1
1614268743,2021-02-25 15:59:00,17.2778,19.0,45,937.454,4.24374,285,-1.0,Location 1,Free Practice 1
1614344915,2021-02-26 13:08:00,21.8889,27.6,33,937.319,1.06093,319,-1.0,Location 1,Qualifying Group 2
1614344975,2021-02-26 13:09:00,21.8889,27.4,33,937.217,2.12187,343,-1.0,Location 1,Qualifying Group 2
1614345041,2021-02-26 13:10:00,21.8889,27.4,33,937.251,3.1828,318,-1.0,Location 1,Qualifying Group 2
1614345106,2021-02-26 13:11:00,21.8889,27.3,33,937.285,1.06093,298,-1.0,Location 1,Qualifying Group 2
1614345872,2021-02-26 13:24:00,21.6111,26.2,33,937.285,2.12187,272,-1.0,Location 1,Qualifying Group 4
1614345937,2021-02-26 13:25:00,21.6111,26.1,33,937.251,0.0,272,-1.0,Location 1,Qualifying Group 4
1614346002,2021-02-26 13:26:00,21.5556,26.1,33,937.217,2.12187,306,-1.0,Location 1,Qualifying Group 4
1614346062,2021-02-26 13:27:00,21.6111,26.0,33,937.217,4.24374,331,-1.0,Location 1,Qualifying Group 4
1614345361,2021-02-26 13:16:00,21.8889,26.9,33,937.251,6.3656,319,-1.0,Location 1,Qualifying Group 3
1614345426,2021-02-26 13:17:00,21.8889,26.7,33,937.285,3.1828,288,-1.0,Location 1,Qualifying Group 3
1614345491,2021-02-26 13:18:00,21.8889,26.7,33,937.285,3.1828,284,-1.0,Location 1,Qualifying Group 3
1614345551,2021-02-26 13:19:00,21.8333,26.6,33,937.352,7.42654,303,-1.0,Location 1,Qualifying Group 3
1625926519,2021-10-07 14:15:00,2.0,30.0,77,1011.0,5.0,22,-1.0,Location 6,Free Practice 2
1625926584,2021-10-07 14:16:00,2.0,30.0,78,1011.0,5.0,5,-1.0,Location 6,Free Practice 2
1625926649,2021-10-07 14:17:00,2.0,30.0,77,1011.0,4.0,5,-1.0,Location 6,Free Practice 2
1625926714,2021-10-07 14:18:00,2.0,30.0,77,1011.0,4.0,21,-1.0,Location 6,Free Practice 2
1625926774,2021-10-07 14:19:00,2.0,30.0,77,1011.0,5.0,350,-1.0,Location 6,Free Practice 2
1625926839,2021-10-07 14:20:00,2.0,30.0,77,1011.0,4.0,360,-1.0,Location 6,Free Practice 2
1625926904,2021-10-07 14:21:00,2.0,30.0,78,1011.0,5.0,19,-1.0,Location 6,Free Practice 2
1625926969,2021-10-07 14:22:00,2.0,30.0,78,1011.0,4.0,326,-1.0,Location 6,Free Practice 2
1625927030,2021-10-07 14:23:00,2.0,30.0,78,1011.0,4.0,360,-1.0,Location 6,Free Practice 2
1625927095,2021-10-07 14:24:00,2.0,30.0,78,1011.0,63.0,24,-1.0,Location 6,Free Practice 2
1625927160,2021-10-07 14:26:00,2.0,30.0,77,1011.0,5.0,5,-1.0,Location 6,Free Practice 2
1625927225,2021-10-07 14:27:00,2.0,30.0,77,1011.0,2.0,22,-1.0,Location 6,Free Practice 2
1625927290,2021-10-07 14:28:00,2.0,30.0,77,1011.0,31.0,5,-1.0,Location 6,Free Practice 2
1625927350,2021-10-07 14:29:00,2.0,30.0,77,1011.0,5.0,34,-1.0,Location 6,Free Practice 2
1625927415,2021-10-07 14:30:00,2.0,30.0,77,1011.0,4.0,348,-1.0,Location 6,Free Practice 2
1625927480,2021-10-07 14:31:00,2.0,30.0,77,1011.0,5.0,349,-1.0,Location 6,Free Practice 2
1625927545,2021-10-07 14:32:00,25.0,30.0,77,1011.0,5.0,11,-1.0,Location 6,Free Practice 2
1625927605,2021-10-07 14:33:00,25.0,30.0,76,1011.0,4.0,21,-1.0,Location 6,Free Practice 2
1625927671,2021-10-07 14:34:00,2.0,30.0,76,1011.0,7.0,9,-1.0,Location 6,Free Practice 2
1625927736,2021-10-07 14:35:00,2.0,30.0,76,1011.0,7.0,13,-1.0,Location 6,Free Practice 2
1625927800,2021-10-07 14:36:00,2.0,30.0,76,1011.0,4.0,355,-1.0,Location 6,Free Practice 2
1625927861,2021-10-07 14:37:00,2.0,30.0,76,1011.0,63.0,350,-1.0,Location 6,Free Practice 2
1625927926,2021-10-07 14:38:00,2.0,31.0,76,1011.0,5.0,5,-1.0,Location 6,Free Practice 2
1625927991,2021-10-07 14:39:00,2.0,31.0,76,1011.0,1.0,13,-1.0,Location 6,Free Practice 2
1625928056,2021-10-07 14:40:00,2.0,31.0,76,1011.0,5.0,5,-1.0,Location 6,Free Practice 2
1625928116,2021-10-07 14:41:00,2.0,31.0,76,1011.0,4.0,360,-1.0,Location 6,Free Practice 2
1625928181,2021-10-07 14:43:00,2.0,31.0,76,1011.0,4.0,355,-1.0,Location 6,Free Practice 2
1625928247,2021-10-07 14:44:00,2.0,31.0,76,1011.0,4.0,340,-1.0,Location 6,Free Practice 2
1625934636,2021-10-07 16:30:00,2.0,34.0,76,1012.0,2.0,11,-1.0,Location 6,Qualifying Group 1
1625934701,2021-10-07 16:31:00,2.0,34.0,76,1012.0,31.0,346,-1.0,Location 6,Qualifying Group 1
1625934762,2021-10-07 16:32:00,2.0,34.0,76,1012.0,5.0,12,-1.0,Location 6,Qualifying Group 1
1625934827,2021-10-07 16:33:00,2.0,34.0,76,1012.0,31.0,13,-1.0,Location 6,Qualifying Group 1
1625918406,2021-10-07 12:00:00,2.0,24.0,81,1011.0,4.0,311,-1.0,Location 6,Free Practice 1
1625918466,2021-10-07 12:01:00,2.0,25.0,81,1011.0,5.0,331,-1.0,Location 6,Free Practice 1
1625918532,2021-10-07 12:02:00,2.0,25.0,81,1011.0,2.0,9,-1.0,Location 6,Free Practice 1
1625918597,2021-10-07 12:03:00,2.0,25.0,81,1011.0,5.0,338,-1.0,Location 6,Free Practice 1
1625918661,2021-10-07 12:04:00,2.0,25.0,81,1011.0,63.0,355,-1.0,Location 6,Free Practice 1
1625918722,2021-10-07 12:05:00,2.0,25.0,81,1011.0,31.0,342,-1.0,Location 6,Free Practice 1
1625918787,2021-10-07 12:06:00,23.0,25.0,81,1011.0,1.0,5,-1.0,Location 6,Free Practice 1
1625918852,2021-10-07 12:07:00,2.0,25.0,80,1011.0,1.0,21,-1.0,Location 6,Free Practice 1
1625918917,2021-10-07 12:08:00,2.0,25.0,81,1011.0,1.0,347,-1.0,Location 6,Free Practice 1
1625918977,2021-10-07 12:09:00,2.0,25.0,81,1011.0,31.0,330,-1.0,Location 6,Free Practice 1
1625919042,2021-10-07 12:10:00,2.0,25.0,81,1011.0,63.0,355,-1.0,Location 6,Free Practice 1
1625919107,2021-10-07 12:11:00,2.0,25.0,80,1011.0,5.0,333,-1.0,Location 6,Free Practice 1
1625919172,2021-10-07 12:12:00,2.0,25.0,80,1011.0,4.0,329,-1.0,Location 6,Free Practice 1
1625919233,2021-10-07 12:13:00,2.0,25.0,80,1011.0,2.0,5,-1.0,Location 6,Free Practice 1
1625919298,2021-10-07 12:14:00,2.0,25.0,80,1011.0,2.0,355,-1.0,Location 6,Free Practice 1
1625919363,2021-10-07 12:16:00,24.0,25.0,80,1011.0,31.0,13,-1.0,Location 6,Free Practice 1
1625919428,2021-10-07 12:17:00,2.0,25.0,79,1011.0,4.0,11,-1.0,Location 6,Free Practice 1
1625919493,2021-10-07 12:18:00,2.0,25.0,79,1011.0,31.0,21,-1.0,Location 6,Free Practice 1
1625919553,2021-10-07 12:19:00,2.0,25.0,79,1011.0,31.0,32,-1.0,Location 6,Free Practice 1
1625919618,2021-10-07 12:20:00,2.0,25.0,79,1011.0,31.0,19,-1.0,Location 6,Free Practice 1
1625919683,2021-10-07 12:21:00,2.0,25.0,79,1011.0,31.0,17,-1.0,Location 6,Free Practice 1
1625919748,2021-10-07 12:22:00,2.0,25.0,79,1011.0,31.0,342,-1.0,Location 6,Free Practice 1
1625919808,2021-10-07 12:23:00,2.0,25.0,79,1011.0,4.0,17,-1.0,Location 6,Free Practice 1
1625919874,2021-10-07 12:24:00,2.0,25.0,79,1011.0,5.0,345,-1.0,Location 6,Free Practice 1
1625919939,2021-10-07 12:25:00,2.0,25.0,79,1011.0,4.0,355,-1.0,Location 6,Free Practice 1
1625920003,2021-10-07 12:26:00,2.0,25.0,78,1011.0,31.0,355,-1.0,Location 6,Free Practice 1
1625920064,2021-10-07 12:27:00,2.0,25.0,78,1011.0,5.0,342,-1.0,Location 6,Free Practice 1
1625920129,2021-10-07 12:28:00,2.0,25.0,78,1011.0,2.0,19,-1.0,Location 6,Free Practice 1
1625920194,2021-10-07 12:29:00,2.0,25.0,78,1011.0,4.0,36,-1.0,Location 6,Free Practice 1
1625920259,2021-10-07 12:30:00,2.0,25.0,78,1011.0,5.0,355,-1.0,Location 6,Free Practice 1
1625920319,2021-10-07 12:31:00,2.0,26.0,78,1011.0,4.0,360,-1.0,Location 6,Free Practice 1
1625920384,2021-10-07 12:33:00,2.0,26.0,78,1011.0,31.0,355,-1.0,Location 6,Free Practice 1
1625920450,2021-10-07 12:34:00,2.0,26.0,78,1011.0,2.0,360,-1.0,Location 6,Free Practice 1
1625920514,2021-10-07 12:35:00,2.0,26.0,78,1011.0,4.0,23,-1.0,Location 6,Free Practice 1
1625920575,2021-10-07 12:36:00,2.0,26.0,77,1011.0,7.0,17,-1.0,Location 6,Free Practice 1
1625920640,2021-10-07 12:37:00,2.0,26.0,78,1011.0,8.0,348,-1.0,Location 6,Free Practice 1
1625920705,2021-10-07 12:38:00,2.0,26.0,78,1011.0,4.0,336,-1.0,Location 6,Free Practice 1
1625920770,2021-10-07 12:39:00,2.0,26.0,78,1011.0,63.0,347,-1.0,Location 6,Free Practice 1
1625920835,2021-10-07 12:40:00,2.0,26.0,77,1011.0,4.0,334,-1.0,Location 6,Free Practice 1
1625920895,2021-10-07 12:41:00,2.0,26.0,77,1011.0,31.0,18,-1.0,Location 6,Free Practice 1
1625920960,2021-10-07 12:42:00,2.0,26.0,78,1011.0,4.0,338,-1.0,Location 6,Free Practice 1
1625921025,2021-10-07 12:43:00,2.0,26.0,78,1011.0,63.0,28,-1.0,Location 6,Free Practice 1
1625921090,2021-10-07 12:44:00,2.0,26.0,78,1011.0,31.0,17,-1.0,Location 6,Free Practice 1
1625935087,2021-10-07 16:38:00,2.0,35.0,77,1012.0,2.0,15,-1.0,Location 6,Qualifying Group 2
1625935147,2021-10-07 16:39:00,2.0,35.0,77,1012.0,2.0,19,-1.0,Location 6,Qualifying Group 2
1625935212,2021-10-07 16:40:00,2.0,35.0,76,1012.0,2.0,25,-1.0,Location 6,Qualifying Group 2
1625935277,2021-10-07 16:41:00,2.0,35.0,76,1012.0,31.0,44,-1.0,Location 6,Qualifying Group 2
1625935342,2021-10-07 16:42:00,2.0,35.0,75,1012.0,4.0,346,-1.0,Location 6,Qualifying Group 2
1625935402,2021-10-07 16:43:00,2.0,35.0,75,1012.0,4.0,338,-1.0,Location 6,Qualifying Group 2
1625935468,2021-10-07 16:44:00,2.0,35.0,75,1012.0,1.0,340,-1.0,Location 6,Qualifying Group 2
1625935533,2021-10-07 16:45:00,2.0,35.0,75,1012.0,2.0,10,-1.0,Location 6,Qualifying Group 2
1625935597,2021-10-07 16:46:00,2.0,35.0,76,1012.0,2.0,16,-1.0,Location 6,Qualifying Group 2
1625935658,2021-10-07 16:47:00,2.0,35.0,76,1012.0,31.0,336,-1.0,Location 6,Qualifying Group 2
1625935723,2021-10-07 16:48:00,2.0,35.0,76,1012.0,31.0,339,-1.0,Location 6,Qualifying Group 2
1625935788,2021-10-07 16:49:00,2.0,35.0,76,1012.0,1.0,5,-1.0,Location 6,Qualifying Group 2
1625935853,2021-10-07 16:50:00,2.0,35.0,76,1012.0,31.0,83,-1.0,Location 6,Qualifying Group 2
1625935913,2021-10-07 16:51:00,2.0,35.0,76,1012.0,1.0,24,-1.0,Location 6,Qualifying Group 2
1625936684,2021-10-07 17:04:00,2.0,36.0,75,1012.0,2.0,5,-1.0,Location 6,Qualifying Group 4
1625936745,2021-10-07 17:05:00,2.0,36.0,75,1012.0,31.0,355,-1.0,Location 6,Qualifying Group 4
1625936810,2021-10-07 17:06:00,2.0,36.0,75,1012.0,2.0,343,-1.0,Location 6,Qualifying Group 4
1625936875,2021-10-07 17:07:00,2.0,35.0,75,1012.0,31.0,324,-1.0,Location 6,Qualifying Group 4
1625936173,2021-10-07 16:56:00,2.0,35.0,76,1012.0,1.0,5,-1.0,Location 6,Qualifying Group 3
1625936234,2021-10-07 16:57:00,2.0,35.0,76,1012.0,2.0,5,-1.0,Location 6,Qualifying Group 3
1625936299,2021-10-07 16:58:00,2.0,35.0,76,1012.0,1.0,328,-1.0,Location 6,Qualifying Group 3
1625936364,2021-10-07 16:59:00,2.0,36.0,76,1012.0,31.0,321,-1.0,Location 6,Qualifying Group 3
